,isbn,Title,author,last,first,wikiPage
0,9780307777812,Theodore Rex,Edmund Morris,Morris,Edmund,<WikipediaPage 'Edmund Morris (writer)'>
1,1090353472,Oedipus Rex Or Oedipus the King: (annotated) (Worldwide Classics),Sophocles Sophocles,Sophocles,Sophocles,<WikipediaPage 'Sophocles'>
2,9780307777829,The Rise of Theodore Roosevelt,Edmund Morris,Morris,Edmund,<WikipediaPage 'Edmund Morris (writer)'>
3,9780812967883,The Scientists,John Gribbin,Gribbin,John,<WikipediaPage 'John Gribbin'>
4,9781135564001,"A History of the Life Sciences, Revised and Expanded",Lois Magner,Magner,Lois,<WikipediaPage 'Ligature (medicine)'>
5,9781847656780,The Art Of Innovation,Tom Kelley,Kelley,Tom,<WikipediaPage 'Tom Kelley (photographer)'>
6,9781410347596,"A Study Guide for Margaret Atwood's ""Half Hanged Mary""","Gale, Learning",Learning,"Gale,",<WikipediaPage 'Gale (publisher)'>
7,9780143126393,The Shadow of the Wind,Carlos Zafon,Zafon,Carlos,<WikipediaPage 'Carlos Ruiz Zafón'>
8,0190974281,The Book and the Sword,Louis Cha,Cha,Louis,<WikipediaPage 'Jin Yong'>
9,142991551X,The Knight,Gene Wolfe,Wolfe,Gene,<WikipediaPage 'Gene Wolfe'>
10,9781429925877,Soldier of Sidon,Gene Wolfe,Wolfe,Gene,<WikipediaPage 'Gene Wolfe'>
11,9781429961325,The Right Stuff,Tom Wolfe,Wolfe,Tom,<WikipediaPage 'Tom Wolfe'>
12,075286663X,The Best American Mystery Stories 4,Michael Connelly,Connelly,Michael,NaN
13,9781512462913,Day and Night,Robin Nelson,Nelson,Robin,<WikipediaPage 'Robin (character)'>
14,9780817357849,Active Romanticism,Julie Carr,Carr,Julie,<WikipediaPage 'Julie Carr'>
15,1554885833,No Cherubs for Melanie,James Hawkins,Hawkins,James,NaN
16,039307000X,The Second Blush: Poems,Molly Peacock,Peacock,Molly,<WikipediaPage 'Molly Peacock'>
17,9781780334547,Street of the Five Moons,Elizabeth Peters,Peters,Elizabeth,NaN
18,9781429978842,Stand on Zanzibar,John Brunner,Brunner,John,<WikipediaPage 'John Brunner (novelist)'>
19,0345467175,The Shockwave Riders,John Brunner,Brunner,John,<WikipediaPage 'John Brunner (novelist)'>
20,9780781785891,Brunner & Suddarth's Textbook of Medical-surgical Nursing,Suzanne Smeltzer,Smeltzer,Suzanne,<WikipediaPage 'Fecal vomiting'>
21,9780252094514,John Brunner,Jad Smith,Smith,Jad,<WikipediaPage 'The Deceivers (Bester novel)'>
22,0099377705,The Sheep Look Up,John Brunner,Brunner,John,<WikipediaPage 'John Brunner (novelist)'>
23,UOM:39015013282846,Entry to Elsewhen,John Brunner,Brunner,John,<WikipediaPage 'John Brunner (novelist)'>
24,9781497622326,The Crucible of Time,John Brunner,Brunner,John,<WikipediaPage 'John Brunner (novelist)'>
25,9780252094514,John Brunner,Jad Smith,Smith,Jad,<WikipediaPage 'The Deceivers (Bester novel)'>
26,STANFORD:36105119506231,The Life Insurance Industry,United Judiciary,Judiciary,United,<WikipediaPage 'United States Senate Committee on the Judiciary'>
27,9780575101692,Manshape,John Brunner,Brunner,John,<WikipediaPage 'John Brunner (novelist)'>
28,9781466884472,Modern Classic Short Novels Of Science Fiction,Gardner Dozois,Dozois,Gardner,<WikipediaPage 'Gardner Dozois'>
29,9781780337234,The Mammoth Book of Golden Age,Isaac Asimov,Asimov,Isaac,<WikipediaPage 'Isaac Asimov'>
30,9780575126688,Unearthly Neighbors,Chad Oliver,Oliver,Chad,<WikipediaPage 'Chad Oliver'>
31,9780575126541,The Shores of Another Sea,Chad Oliver,Oliver,Chad,<WikipediaPage 'Chad Oliver'>
32,UOM:39015031299426,"Men, Martians, and Machines",Eric Russell,Russell,Eric,<WikipediaPage 'Eric Frank Russell'>
33,9780143039143,World of Wonders,Robertson Davies,Davies,Robertson,<WikipediaPage 'Robertson Davies'>
34,9781571319593,World of Wonders,Aimee Nezhukumatathil,Nezhukumatathil,Aimee,<WikipediaPage 'Aimee Nezhukumatathil'>
35,0892818786,Walking the World in Wonder,Ellen Hopman,Hopman,Ellen,<WikipediaPage 'Ellen Evert Hopman'>
36,9781571319593,World of Wonders,Aimee Nezhukumatathil,Nezhukumatathil,Aimee,<WikipediaPage 'Aimee Nezhukumatathil'>
37,8177223917,Comdex Computer Course Kit Xp Ed.(W/Cd),Vikas Gupta,Gupta,Vikas,<WikipediaPage 'Vikas Gupta'>
38,OXFORD:600050007,"The London encyclopaedia, or, Universal dictionary of science, art, literature, and practical mechanics, by the orig. ed. of the Encyclopaedia metropolitana [T. Curtis].",Thomas Islington),Islington),Thomas,<WikipediaPage 'Islington'>
39,9781466861329,The Wild Shore,Kim Robinson,Robinson,Kim,<WikipediaPage 'Kim Stanley Robinson'>
40,9780307571854,Antarctica,Kim Robinson,Robinson,Kim,<WikipediaPage 'Kim Stanley Robinson'>
41,9781466861329,The Wild Shore,Kim Robinson,Robinson,Kim,<WikipediaPage 'Kim Stanley Robinson'>
42,8120607724,Pre-Aryan and Pre-Dravidian in India,Sylvain Lévi,Lévi,Sylvain,<WikipediaPage 'Sylvain Lévi'>
43,9780593182925,The Gilded Edge,Catherine Prendergast,Prendergast,Catherine,<WikipediaPage 'The Elements of Style'>
44,9781466862197,The Memory of Whiteness,Kim Robinson,Robinson,Kim,<WikipediaPage 'Kim Stanley Robinson'>
45,9781401383763,Lost: Secret Identity - Novelization #2,Catherine Hapka,Hapka,Catherine,<WikipediaPage 'Georgina Bloomberg'>
46,0586217541,Miracleman,Neil Gaiman,Gaiman,Neil,<WikipediaPage 'Neil Gaiman'>
47,9780747585893,A Thousand Splendid Suns,Khaled Hosseini,Hosseini,Khaled,<WikipediaPage 'Khaled Hosseini'>
48,9781477309629,From a Limestone Ledge,John Graves,Graves,John,<WikipediaPage 'John Graves (author)'>
49,9780192581044,"Possession, Relative Title, and Ownership in English Law",Luke Rostill,Rostill,Luke,<WikipediaPage 'The Shadows'>
50,9781328467133,The Best American Nonrequired Reading 2018,Sheila Heti,Heti,Sheila,<WikipediaPage 'Sheila Heti'>
51,9781609401085,Black Like Me,John Griffin,Griffin,John,<WikipediaPage 'John Howard Griffin'>
52,9781467426046,Christ and Culture Revisited,D.A. Carson,Carson,D.A.,<WikipediaPage 'D. A. Carson'>
53,9781571317575,"Graceland, At Last",Margaret Renkl,Renkl,Margaret,<WikipediaPage 'Margaret Renkl'>
54,9781617749360,Behind the Glass,Howard Massey,Massey,Howard,<WikipediaPage 'Pop Quiz'>
55,9781250194381,The Wife and the Widow,Christian White,White,Christian,<WikipediaPage 'Christian metal'>
56,9781497685543,War Against the Mafia,Don Pendleton,Pendleton,Don,<WikipediaPage 'Don Pendleton'>
57,UVA:X004174597,Kick the Can,Jim Lehrer,Lehrer,Jim,<WikipediaPage 'Jim Lehrer'>
58,9781456611071,Strangers from a Different Shore,Professor Takaki,Takaki,Professor,<WikipediaPage 'Ronald Takaki'>
59,9781623657277,Sermon on the Fall of Rome,Jerome Ferrari,Ferrari,Jerome,<WikipediaPage 'Jérôme Ferrari'>
60,9781507210468,The Everything Keto Diet Meal Prep Cookbook,Lindsay Boyers,Boyers,Lindsay,NaN
61,0312353766,The Red Tent,Anita Diamant,Diamant,Anita,<WikipediaPage 'Anita Diamant'>
62,9780547892498,Intervention,Julian May,May,Julian,<WikipediaPage 'Julian May'>
63,9781610395700,The Age of Surveillance Capitalism,Shoshana Zuboff,Zuboff,Shoshana,<WikipediaPage 'Shoshana Zuboff'>
64,9780547892481,A Pliocene Companion,Julian May,May,Julian,<WikipediaPage 'Julian May'>
65,9780307776105,Magnificat,Julian May,May,Julian,<WikipediaPage 'Julian May'>
66,0007305249,Sagittarius Whorl,Julian May,May,Julian,<WikipediaPage 'Julian May'>
67,140466372X,Maison Ikkoku,Rumiko Takahashi,Takahashi,Rumiko,<WikipediaPage 'Rumiko Takahashi'>
68,IND:30000081072450,"Maison Ikkoku, Vol. 8 (1st Edition)",Rumiko Takahashi,Takahashi,Rumiko,<WikipediaPage 'Rumiko Takahashi'>
69,UOM:39015056164448,Afterglow,Pauline Kael,Kael,Pauline,<WikipediaPage 'Pauline Kael'>
70,9781250296436,Hit Me With Your Best Scot,Suzanne Enoch,Enoch,Suzanne,<WikipediaPage 'Suzanne Enoch'>
71,9781732191136,Flirting with Forever,Kendall Ryan,Ryan,Kendall,NaN
72,9781732191136,Flirting with Forever,Kendall Ryan,Ryan,Kendall,NaN
73,9781598847017,Read On-- Biography,Rick Roche,Roche,Rick,<WikipediaPage 'Roche Bros.'>
74,9780446196604,The Serial Killers Club,Jeff Povey,Povey,Jeff,<WikipediaPage 'Jeff Povey'>
75,9783110499773,Prognostication in the Medieval World,Matthias Heiduk,Heiduk,Matthias,<WikipediaPage 'Lotto–Kern Haus'>
76,STANFORD:36105113748318,List of Lights and Fog-signals on the Atlantic and Gulf Coasts of the United States,United Board,Board,United,<WikipediaPage 'United States Board on Geographic Names'>
77,9781497673663,The Outlaws of Sherwood,Robin McKinley,McKinley,Robin,<WikipediaPage 'Robin McKinley'>
78,9781497673700,Beauty,Robin McKinley,McKinley,Robin,<WikipediaPage 'Robin McKinley'>
79,0698119509,Spindle's End,Robin McKinley,McKinley,Robin,<WikipediaPage 'Robin McKinley'>
80,0156008726,The Dictionary of Imaginary Places,Alberto Manguel,Manguel,Alberto,<WikipediaPage 'Alberto Manguel'>
81,WISC:89032395246,Small is Beautiful,Ernst Schumacher,Schumacher,Ernst,<WikipediaPage 'E. F. Schumacher'>
82,9780688025939,The Hero and the Crown,Robin McKinley,McKinley,Robin,<WikipediaPage 'Robin McKinley'>
83,OCLC:18807031,Hitty,Rachel Field,Field,Rachel,<WikipediaPage 'Rachel Field'>
84,OCLC:18807031,Hitty,Rachel Field,Field,Rachel,<WikipediaPage 'Rachel Field'>
85,9798463727305,A Christmas Carol Illustrated,Charles Dickens,Dickens,Charles,<WikipediaPage 'Charles Dickens'>
86,086547186X,Moon in a Dewdrop,Dōgen Dōgen,Dōgen,Dōgen,<WikipediaPage 'Dōgen'>
87,UOM:39015029050617,Dewdrops on a Lotus Leaf,Ryōkan Ryōkan,Ryōkan,Ryōkan,<WikipediaPage 'Ryokan (inn)'>
88,9781635688962,The Protector,Kathleen Kelley,Kelley,Kathleen,<WikipediaPage 'Kathleen Robertson'>
89,MINN:30000010449993,Catalog of audiovisual productions,United Affairs),Affairs),United,<WikipediaPage 'Bureau of Indian Affairs'>
90,9780786490615,American Popular Song Lyricists,Michael Whorf,Whorf,Michael,<WikipediaPage 'Mike Whorf'>
91,9781416538028,Santa Cruise,Mary Clark,Clark,Mary,<WikipediaPage 'Mary Higgins Clark'>
92,9781913682422,No Place Like Home,Rebecca Muddiman,Muddiman,Rebecca,<WikipediaPage 'Gibbon'>
93,9781443148368,Deck the Halls,Helaine Becker,Becker,Helaine,NaN
94,1894384091,On the Street Where You Live,Danda Humphreys,Humphreys,Danda,<WikipediaPage 'Victoria Conservatory of Music'>
95,9780671000424,Silent Night,Mary Clark,Clark,Mary,<WikipediaPage 'Mary Higgins Clark'>
96,9780731808878,Nighttime Is My Time,Mary Clark,Clark,Mary,<WikipediaPage 'Mary Higgins Clark'>
97,1878972189,Watchfiends & Rack Screams,Antonin Artaud,Artaud,Antonin,<WikipediaPage 'Antonin Artaud'>
98,9781418577353,Inside My Heart,Robin McGraw,McGraw,Robin,<WikipediaPage 'Phil McGraw'>
99,9780385674010,Lord John and the Brotherhood of the Blade,Diana Gabaldon,Gabaldon,Diana,<WikipediaPage 'Diana Gabaldon'>
100,UOM:39015054132306,Andrew Carnegie and the Rise of Big Business,Harold Livesay,Livesay,Harold,NaN
101,0671472127,How to Develop Self-confidence and Influence People by Public Speaking,Dale Carnegie,Carnegie,Dale,<WikipediaPage 'Dale Carnegie'>
102,0451530381,The Autobiography of Andrew Carnegie and the Gospel of Wealth,Andrew Carnegie,Carnegie,Andrew,<WikipediaPage 'Andrew Carnegie'>
103,9780593310854,Love in the Time of Cholera (Illustrated Edition),Gabriel Márquez,Márquez,Gabriel,<WikipediaPage 'Gabriel García Márquez'>
104,9780061053665,My Soul to Keep,Tananarive Due,Due,Tananarive,<WikipediaPage 'Tananarive Due'>
105,1416510478,Joplin's Ghost,Tananarive Due,Due,Tananarive,<WikipediaPage 'Tananarive Due'>
106,9781439121924,The Living Blood,Tananarive Due,Due,Tananarive,<WikipediaPage 'Tananarive Due'>
107,9780743296168,The Good House,Tananarive Due,Due,Tananarive,<WikipediaPage 'Tananarive Due'>
108,0312858868,The Prestige,Christopher Priest,Priest,Christopher,<WikipediaPage 'Christopher Priest (novelist)'>
109,0786714689,"The Mammoth Book of Storms, Shipwrecks and Sea Disasters",Richard Lawrence,Lawrence,Richard,NaN
110,0760748845,The Stones of Summer,Dow Mossman,Mossman,Dow,<WikipediaPage 'Dow Mossman'>
111,9780316539562,The Summer House,James Patterson,Patterson,James,<WikipediaPage 'James Patterson'>
112,0756671752,Baby Faces!,Dawn Sirett,Sirett,Dawn,<WikipediaPage 'Booktrust Early Years Award'>
113,0582329183,The Handmaid's Tale,Coral Howells,Howells,Coral,<WikipediaPage 'Coral Gables Senior High School'>
114,UCSC:32106017284982,Science Notebooks,Brian Campbell,Campbell,Brian,<WikipediaPage 'Brian Campbell'>
115,1578066107,Interviews with John Kenneth Galbraith,John Galbraith,Galbraith,John,<WikipediaPage 'John Kenneth Galbraith'>
116,9780547343983,The Economics of Innocent Fraud,John Galbraith,Galbraith,John,<WikipediaPage 'John Kenneth Galbraith'>
117,9780132712194,"Robin Williams Design Workshop, Second Edition",Robin Williams,Williams,Robin,NaN
118,9780133966152,The Non-designer's Design Book,Robin Williams,Williams,Robin,NaN
119,9780887306297,Hard Drive,James Wallace,Wallace,James,NaN
120,0750238836,Bill Gates,Richard Wood,Wood,Richard,NaN
121,0983562865,Chicken Trek,Stephen Manes,Manes,Stephen,<WikipediaPage 'Stephen Manes'>
122,0833589598,Make Four Million Dollars by Next Thursday,Stephen Manes,Manes,Stephen,<WikipediaPage 'Stephen Manes'>
123,9781877242762,New Territory,Colin James,James,Colin,<WikipediaPage 'Colin James'>
124,0380620006,Boy Who Turned Into a TV Set,Stephen Manes,Manes,Stephen,NaN
125,9781476726939,Masters of Enterprise,H.W. Brands,Brands,H.W.,<WikipediaPage 'H. W. Brands'>
126,STANFORD:36105117254206,"American Book Publishing Record Cumulative, 1950-1977",R.R. Bibliography,Bibliography,R.R.,<WikipediaPage 'R. A. Salvatore bibliography'>
127,9781440695933,Prom Anonymous,Blake Nelson,Nelson,Blake,<WikipediaPage 'Tim Blake Nelson'>
128,9781101562741,The New Rules of High School,Blake Nelson,Nelson,Blake,<WikipediaPage 'Tim Blake Nelson'>
129,9781460705223,The Anti-Cool Girl,Rosie Waterland,Waterland,Rosie,<WikipediaPage 'Rosie Waterland'>
130,9781538115091,Online Searching,Karen Markey,Markey,Karen,<WikipediaPage 'Hedy Lamarr'>
131,9780062356352,The Exiles,Christina Kline,Kline,Christina,<WikipediaPage 'Christina Baker Kline'>
132,9780593295847,Girl A,Abigail Dean,Dean,Abigail,<WikipediaPage 'Abigail Dean'>
133,9780593115008,My Side of the Mountain,Jean George,George,Jean,<WikipediaPage 'Jean Craighead George'>
134,9780486114972,The Theban Plays,Sophocles Sophocles,Sophocles,Sophocles,<WikipediaPage 'Sophocles'>
135,9780191624919,The Jungle,Upton Sinclair,Sinclair,Upton,<WikipediaPage 'Upton Sinclair'>
136,HARVARD:32044021129028,The Jungle Book,Rudyard Kipling,Kipling,Rudyard,<WikipediaPage 'Rudyard Kipling'>
137,9780312155506,Human Croquet,Kate Atkinson,Atkinson,Kate,<WikipediaPage 'Kate Atkinson (writer)'>
138,9781101042656,The Key to Rebecca,Ken Follett,Follett,Ken,<WikipediaPage 'Ken Follett'>
139,9781118877326,Paper Money Collapse,Detlev Schlichter,Schlichter,Detlev,<WikipediaPage 'Ernst Jünger'>
140,9780425245712,Skeleton Coast,Clive Cussler,Cussler,Clive,<WikipediaPage 'Clive Cussler'>
141,9781451606515,Dragon,Clive Cussler,Cussler,Clive,<WikipediaPage 'Clive Cussler'>
142,0141021616,Dark Watch,Clive Cussler,Cussler,Clive,<WikipediaPage 'Clive Cussler'>
143,0425204235,Black Wind,Clive Cussler,Cussler,Clive,<WikipediaPage 'Clive Cussler'>
144,9781451621020,Cyclops,Clive Cussler,Cussler,Clive,<WikipediaPage 'Clive Cussler'>
145,9781416516859,Deep Six,Clive Cussler,Cussler,Clive,<WikipediaPage 'Clive Cussler'>
146,9781101205471,Polar Shift,Clive Cussler,Cussler,Clive,<WikipediaPage 'Clive Cussler'>
147,1627152032,Vixen 03,Clive Cussler,Cussler,Clive,<WikipediaPage 'Clive Cussler'>
148,9780399166815,The Mediterranean Caper,Clive Cussler,Cussler,Clive,<WikipediaPage 'Clive Cussler'>
149,0399154191,The Navigator,Clive Cussler,Cussler,Clive,<WikipediaPage 'Clive Cussler'>
150,9781101206348,Golden Buddha,Clive Cussler,Cussler,Clive,<WikipediaPage 'Clive Cussler'>
151,0671020552,Shock Wave,Clive Cussler,Cussler,Clive,<WikipediaPage 'Clive Cussler'>
152,0425194523,Raise the Titanic!,Clive Cussler,Cussler,Clive,<WikipediaPage 'Clive Cussler'>
153,9781440621703,Atlantis Found (A Dirk Pitt Novel),Clive Cussler,Cussler,Clive,<WikipediaPage 'Clive Cussler'>
154,9780738745510,La Santa Muerte,Tomás Prower,Prower,Tomás,<WikipediaPage 'Nag champa'>
155,9780425197387,Iceberg,Clive Cussler,Cussler,Clive,<WikipediaPage 'Clive Cussler'>
156,9781101204429,Fire Ice,Clive Cussler,Cussler,Clive,<WikipediaPage 'Clive Cussler'>
157,1442078103,Lost City,Clive Cussler,Cussler,Clive,<WikipediaPage 'Clive Cussler'>
158,9781440674266,The Sea Hunters II,Clive Cussler,Cussler,Clive,<WikipediaPage 'Clive Cussler'>
159,0743480694,The Sea Hunters,Clive Cussler,Cussler,Clive,<WikipediaPage 'Clive Cussler'>
160,UOM:39015017684104,Narrative Magic in the Fiction of Isabel Allende,Patricia Hart,Hart,Patricia,<WikipediaPage 'Patricia Harty (actress)'>
161,9781439135686,Sahara,Clive Cussler,Cussler,Clive,<WikipediaPage 'Clive Cussler'>
162,9780671026226,Clive Cussler and Dirk Pitt Revealed,Clive Cussler,Cussler,Clive,<WikipediaPage 'Clive Cussler'>
163,9780199908394,The Oxford History of the Novel in English,J. Kennedy,Kennedy,J.,<WikipediaPage 'Patrick J. Kennedy'>
164,9780307382092,The Audacity of Hope,Barack Obama,Obama,Barack,<WikipediaPage 'Barack Obama'>
165,0810957906,Love Sick,Michael Nelson,Nelson,Michael,NaN
166,UCSD:31822030931570,Goth-Icky,Michael Nelson,Nelson,Michael,<WikipediaPage 'Bridget Jones Nelson'>
167,9781588365286,Black Swan Green,David Mitchell,Mitchell,David,<WikipediaPage 'David Mitchell (comedian)'>
168,IND:30000119771925,NINCDS Index to Research Grants & Contracts,National Stroke,Stroke,National,NaN
169,1430200383,The Best Software Writing I,Avram Spolsky,Spolsky,Avram,<WikipediaPage 'Joel Spolsky'>
170,8126506156,The Database Hacker's Handbook Defending Database,David Gri,Gri,David,<WikipediaPage 'Gris'>
171,1509528954,Should Robots Replace Teachers?,Neil Selwyn,Selwyn,Neil,<WikipediaPage 'Culturally relevant teaching'>
172,0553803700,"I, Robot",Isaac Asimov,Asimov,Isaac,<WikipediaPage 'Isaac Asimov'>
173,0553803700,"I, Robot",Isaac Asimov,Asimov,Isaac,<WikipediaPage 'Isaac Asimov'>
174,9780307573537,"I, Asimov",Isaac Asimov,Asimov,Isaac,<WikipediaPage 'Isaac Asimov'>
175,0140172130,Asimov's New Guide to Science,Isaac Asimov,Asimov,Isaac,<WikipediaPage 'Isaac Asimov'>
176,9780593160084,Pebble in the Sky,Isaac Asimov,Asimov,Isaac,<WikipediaPage 'Isaac Asimov'>
177,9780470534533,Against the Gods,Peter Bernstein,Bernstein,Peter,<WikipediaPage 'Peter Bernstein (guitarist)'>
178,0593160010,"The Stars, Like Dust",Isaac Asimov,Asimov,Isaac,<WikipediaPage 'Isaac Asimov'>
179,9780593160084,Pebble in the Sky,Isaac Asimov,Asimov,Isaac,<WikipediaPage 'Isaac Asimov'>
180,9780061802706,Gold,Isaac Asimov,Asimov,Isaac,<WikipediaPage 'Isaac Asimov'>
181,OCLC:1031245830,Asimov's Guide to the Bible,Isaac Asimov,Asimov,Isaac,<WikipediaPage 'Isaac Asimov'>
182,UOM:39015007040846,100 Great Fantasy Short Short Stories,Isaac Asimov,Asimov,Isaac,<WikipediaPage 'Isaac Asimov'>
183,9781101157435,Rock Star Superstar,Blake Nelson,Nelson,Blake,<WikipediaPage 'Tim Blake Nelson'>
184,1426200552,The Journals of Captain John Smith,Author TBD,TBD,Author,<WikipediaPage 'Strategic Air Command'>
185,0521288843,Evolution and the Theory of Games,John Smith,Smith,John,<WikipediaPage 'John Maynard Smith'>
186,9780192862099,The Origins of Life,John Smith,Smith,John,NaN
187,UVA:X004900891,Captain John Smith,Dorothy Hoobler,Hoobler,Dorothy,<WikipediaPage 'Theodore Paleologus'>
188,9780316592253,Midnight Sun,Stephenie Meyer,Meyer,Stephenie,<WikipediaPage 'Stephenie Meyer'>
189,HARVARD:HN6GWD,Sense and Sensibility,Jane Austen,Austen,Jane,<WikipediaPage 'Jane Austen'>
190,9780671211486,Uncle Shelby'S Abz Book,Shel Silverstein,Silverstein,Shel,<WikipediaPage 'Shel Silverstein'>
191,148141593X,Who Wants a Cheap Rhinoceros?,Shel Silverstein,Silverstein,Shel,<WikipediaPage 'Shel Silverstein'>
192,1407179403,Fantastic Beasts and Where to Find Them: Cinematic Guide: Newt Scamander Do Not Feed Out,Felicity Baker,Baker,Felicity,<WikipediaPage 'Hazel Hill'>
193,9780448458724,Who is J. K. Rowling?,Pam Pollack,Pollack,Pam,<WikipediaPage 'Dexter's Laboratory'>
194,9783866492363,Qualitative Analysis and Documentary Method in International Educational Research,Ralf Bohnsack,Bohnsack,Ralf,NaN
195,9780307814289,There Are No Children Here,Alex Kotlowitz,Kotlowitz,Alex,<WikipediaPage 'Alex Kotlowitz'>
196,9780309324885,Transforming the Workforce for Children Birth Through Age 8,National Council,Council,National,NaN
197,9780415973243,The Routledge Guide to Music Technology,Thom Holmes,Holmes,Thom,<WikipediaPage 'Ashton Holmes'>
198,0393264890,The Scarlet Letter and Other Writings,Nathaniel Hawthorne,Hawthorne,Nathaniel,<WikipediaPage 'Nathaniel Hawthorne'>
199,9780440337621,The Lilac Bus,Maeve Binchy,Binchy,Maeve,<WikipediaPage 'Maeve Binchy'>
200,9781101209295,Light a Penny Candle,Maeve Binchy,Binchy,Maeve,<WikipediaPage 'Maeve Binchy'>
201,CORNELL:31924012239699,Legislative Journal,Pennsylvania. Assembly,Assembly,Pennsylvania.,<WikipediaPage 'Pennsylvania General Assembly'>
202,9780440337614,Circle of Friends,Maeve Binchy,Binchy,Maeve,<WikipediaPage 'Maeve Binchy'>
203,9781400050291,The Official Price Guide to Kiss Collectibles,Ingo Floren,Floren,Ingo,<WikipediaPage 'List of Kiss members'>
204,9780310761907,Solo,Kwame Alexander,Alexander,Kwame,<WikipediaPage 'Kwame Alexander'>
205,9781492632580,Two's Company,Jill Mansell,Mansell,Jill,<WikipediaPage 'Jill Mansell'>
206,9780375505874,Open House,Elizabeth Berg,Berg,Elizabeth,<WikipediaPage 'Elizabeth Berg (author)'>
207,9780748133130,The Dream Kingdom,Cynthia Harrod-Eagles,Harrod-Eagles,Cynthia,<WikipediaPage 'Cynthia Harrod-Eagles'>
208,9781442443990,Falling for You,Lisa Schroeder,Schroeder,Lisa,NaN
209,1402218346,Millie's Fling,Jill Mansell,Mansell,Jill,<WikipediaPage 'Jill Mansell'>
210,1492670138,Sheer Mischief,Jill Mansell,Mansell,Jill,<WikipediaPage 'Jill Mansell'>
211,9781982121488,Head Over Heels,Hannah Orenstein,Orenstein,Hannah,<WikipediaPage 'L.E.J'>
212,1521106827,Billie Jean King,Dhirubhai Patel,Patel,Dhirubhai,<WikipediaPage 'Dhirubhai Naranbhai Patel'>
213,STANFORD:36105045165631,To Amend Title VII of the Housing and Urban Development Act of 1965,United Committee,Committee,United,<WikipediaPage 'United States congressional committee'>
214,9781848948174,Girl Meets Ape,Chrissie Manby,Manby,Chrissie,<WikipediaPage 'Girls' Night In'>
215,0373895399,Girls' Night in,Lauren Henderson,Henderson,Lauren,NaN
216,1853261408,Tales from Shakespeare,Charles Lamb,Lamb,Charles,<WikipediaPage 'Charles Lamb'>
217,9783656193838,Analysis and Interpretation of William Shakespeare’s “Sonnet 130”,Julia Esau,Esau,Julia,<WikipediaPage 'List of women in the Bible'>
218,0330512722,Love Poems,Carol Duffy,Duffy,Carol,<WikipediaPage 'Carol Ann Duffy'>
219,9781443828215,English Author Dictionaries (the XVIth – the XXIst cc.),Olga Karpova,Karpova,Olga,<WikipediaPage 'Olga Karpova'>
220,9781524705589,The Sonnets,William Shakespeare,Shakespeare,William,<WikipediaPage 'William Shakespeare'>
221,9781905570263,Shakespeare's Secret Booke,David Ovason,Ovason,David,<WikipediaPage 'Judicial astrology'>
222,019818431X,The Complete Sonnets and Poems,William Shakespeare,Shakespeare,William,<WikipediaPage 'William Shakespeare'>
223,UOM:39076001914402,The Arden Shakespeare Complete Works,William Shakespeare,Shakespeare,William,<WikipediaPage 'William Shakespeare'>
224,9781101663776,The Cat Who Knew Shakespeare,Lilian Braun,Braun,Lilian,<WikipediaPage 'Lilian Jackson Braun'>
225,9781101200032,The Shakespeare Stealer,Gary Blackwood,Blackwood,Gary,<WikipediaPage 'Gary Blackwood (author)'>
226,HARVARD:HN6G1C,King Richard III,William Shakespeare,Shakespeare,William,<WikipediaPage 'William Shakespeare'>
227,9798706762650,"Henry VI, Part 3 Illustrated",William Shakespeare,Shakespeare,William,<WikipediaPage 'William Shakespeare'>
228,9781588367815,Soul of the Age,Jonathan Bate,Bate,Jonathan,<WikipediaPage 'Jonathan Bate'>
229,9781503600102,Beyond the Euromaidan,Henry Hale,Hale,Henry,<WikipediaPage 'Henry S. Hale'>
230,9780857127105,Jimi Hendrix: The Complete Guide to His Music,Peter Doggett,Doggett,Peter,<WikipediaPage 'Peter Doggett'>
231,0312198698,The Encyclopedia of Fantasy,John Clute,Clute,John,<WikipediaPage 'John Clute'>
232,9781466820760,Glass Soup,Jonathan Carroll,Carroll,Jonathan,<WikipediaPage 'Jonathan Carroll'>
233,9780312700898,The Land of Laughs,Jonathan Carroll,Carroll,Jonathan,<WikipediaPage 'Jonathan Carroll'>
234,9780765311863,Sleeping in Flame,Jonathan Carroll,Carroll,Jonathan,<WikipediaPage 'Jonathan Carroll'>
235,9780765311863,Sleeping in Flame,Jonathan Carroll,Carroll,Jonathan,<WikipediaPage 'Jonathan Carroll'>
236,9780061793066,"To Sir Phillip, With Love",Julia Quinn,Quinn,Julia,<WikipediaPage 'Julia Quinn'>
237,9781429904636,Baby Proof,Emily Giffin,Giffin,Emily,<WikipediaPage 'Emily Giffin'>
238,1250011868,Something Borrowed,Emily Giffin,Giffin,Emily,<WikipediaPage 'Emily Giffin'>
239,1250011868,Something Borrowed,Emily Giffin,Giffin,Emily,<WikipediaPage 'Emily Giffin'>
240,9781338349078,P.S. Longer Letter Later,Paula Danziger,Danziger,Paula,<WikipediaPage 'Paula Danziger'>
241,9781535934510,"CSB Ultrathin Bible, Espresso/Black Leathertouch Indexed",CSB Holman,Holman,CSB,<WikipediaPage 'Holman Christian Standard Bible'>
242,9780007258925,"PS, I Love You",Cecelia Ahern,Ahern,Cecelia,<WikipediaPage 'Cecelia Ahern'>
243,9781429936828,The Christmas Hope,Donna VanLiere,VanLiere,Donna,<WikipediaPage 'Donna VanLiere'>
244,9780735211230,A Slow Fire Burning,Paula Hawkins,Hawkins,Paula,<WikipediaPage 'Paula Hawkins (author)'>
245,UOM:39015060074823,IMovie 4 and IDVD 4 for Mac OS X,Jeff Carlson,Carlson,Jeff,<WikipediaPage 'Jeff Carlson (ice hockey)'>
246,9780345539212,The Icarus Agenda,Robert Ludlum,Ludlum,Robert,<WikipediaPage 'Robert Ludlum'>
247,9780486153674,Life Is a Dream,Pedro Barca,Barca,Pedro,<WikipediaPage 'Pedro Calderón de la Barca'>
248,1557830061,Life Is a Dream and Other Spanish Classics,Eric Bentley,Bentley,Eric,<WikipediaPage 'Eric Bentley'>
249,9780486153674,Life Is a Dream,Pedro Barca,Barca,Pedro,<WikipediaPage 'Pedro Calderón de la Barca'>
250,0811833461,Stylepedia,Steven Heller,Heller,Steven,<WikipediaPage 'Steven Heller (design writer)'>
251,IND:30000090984018,"Defense Department Authorization and Oversight: Title I, procurement of aircraft",United Services,Services,United,<WikipediaPage 'United Service Organizations'>
252,0879306661,The Book of Hit Singles,Dave McAleer,McAleer,Dave,<WikipediaPage 'Dave McAleer'>
253,9780140309577,Pippi Longstocking,Astrid Lindgren,Lindgren,Astrid,<WikipediaPage 'Astrid Lindgren'>
254,9780147516688,Astrid Lindgren,Johanna Hurwitz,Hurwitz,Johanna,<WikipediaPage 'Johanna Hurwitz'>
255,9780300235135,Astrid Lindgren,Jens Andersen,Andersen,Jens,<WikipediaPage 'Hans Christian Andersen Award'>
256,0152025413,The Moffats,Eleanor Estes,Estes,Eleanor,<WikipediaPage 'Eleanor Estes'>
257,9780857902269,Arthur and the Lost Kingdoms,Alistair Moffat,Moffat,Alistair,<WikipediaPage 'Alistair Moffat'>
258,UVA:X000853964,Encyclopædia of Religion and Ethics: Picts-Sacraments,James Hastings,Hastings,James,<WikipediaPage 'James Hastings'>
259,9781839020148,"The Griffith Project, Volume 6",Paolo Usai,Usai,Paolo,<WikipediaPage 'A Classic Horror Story'>
260,0192719548,Ginger Pye,Eleanor Estes,Estes,Eleanor,<WikipediaPage 'Eleanor Estes'>
261,9780763672607,The Worst Witch,Jill Murphy,Murphy,Jill,<WikipediaPage 'Jill Murphy'>
262,9780547540450,The Hundred Dresses,Eleanor Estes,Estes,Eleanor,<WikipediaPage 'Eleanor Estes'>
263,9780525581512,Theater Shoes,Noel Streatfeild,Streatfeild,Noel,<WikipediaPage 'Noel Streatfeild'>
264,OCLC:156791298,Gemma Alone,Noel Streatfeild,Streatfeild,Noel,<WikipediaPage 'Noel Streatfeild'>
265,1014951577,"The Caine Mutiny Court-martial, a Play",Herman Wouk,Wouk,Herman,<WikipediaPage 'Herman Wouk'>
266,9781471109256,Band Of Brothers,Stephen Ambrose,Ambrose,Stephen,<WikipediaPage 'Stephen E. Ambrose'>
267,0316294527,Midnight Riders,Scott Freeman,Freeman,Scott,<WikipediaPage 'Scott Freeman (voice actor)'>
268,0810997568,Babar's World Tour,Laurent Brunhoff,Brunhoff,Laurent,<WikipediaPage 'Laurent de Brunhoff'>
269,9780307405951,The Third Angel,Alice Hoffman,Hoffman,Alice,<WikipediaPage 'Alice Hoffman'>
270,9780375822636,The Little Fire Engine,Lois Lenski,Lenski,Lois,<WikipediaPage 'Lois Lenski'>
271,0801883946,"Right Stuff, Wrong Sex",Margaret Weitekamp,Weitekamp,Margaret,<WikipediaPage 'USS Enterprise (NCC-1701)'>
272,9780253112842,The Prayers and Tears of Jacques Derrida,John Caputo,Caputo,John,<WikipediaPage 'John D. Caputo'>
273,9781479457212,For Whom the Bell Tolls,Ernest Hemingway,Hemingway,Ernest,<WikipediaPage 'Ernest Hemingway'>
274,0822012375,CliffsNotes on Hemingway's The Sun Also Rises,Gary Carey,Carey,Gary,NaN
275,0441013597,Dune,Frank Herbert,Herbert,Frank,<WikipediaPage 'Frank Herbert'>
276,0441013597,Dune,Frank Herbert,Herbert,Frank,<WikipediaPage 'Frank Herbert'>
277,1429924810,Hunters of Dune,Brian Herbert,Herbert,Brian,<WikipediaPage 'Brian Herbert'>
278,1567317979,In Harm's Way,Doug Stanton,Stanton,Doug,<WikipediaPage 'Doug Stanton'>
279,1797883763,Harm's Way,James Bassett,Bassett,James,<WikipediaPage 'James Bassett (author)'>
280,UOM:39015034230907,Harms Way,Joel-Peter Witkin,Witkin,Joel-Peter,NaN
281,STANFORD:36105121134261,Rivers and Harbors Omnibus Bill (Title I - H.R. 9859).,United Harbors,Harbors,United,<WikipediaPage 'Harbor'>
282,9781453227534,Strawberry Girl,Lois Lenski,Lenski,Lois,<WikipediaPage 'Lois Lenski'>
283,9780061998300,Betsy-Tacy,Maud Lovelace,Lovelace,Maud,<WikipediaPage 'Maud Hart Lovelace'>
284,0816529361,After Collapse,Glenn Schwartz,Schwartz,Glenn,<WikipediaPage 'Glenn Schwartz'>
285,9780307414113,Seize the Night,Dean Koontz,Koontz,Dean,<WikipediaPage 'Dean Koontz'>
286,9781453293591,We Were Soldiers Once . . . and Young,Harold Moore,Moore,Harold,<WikipediaPage 'Hal Moore'>
287,9781453293591,We Were Soldiers Once . . . and Young,Harold Moore,Moore,Harold,<WikipediaPage 'Hal Moore'>
288,9781453293591,We Were Soldiers Once . . . and Young,Harold Moore,Moore,Harold,<WikipediaPage 'Hal Moore'>
289,9781476745855,Eisenhower,Stephen Ambrose,Ambrose,Stephen,<WikipediaPage 'Stephen E. Ambrose'>
290,STANFORD:36105037687535,The Eisenhower Presidency,Kenneth Thompson,Thompson,Kenneth,NaN
291,9780307816573,Crusade in Europe,Dwight Eisenhower,Eisenhower,Dwight,<WikipediaPage 'Dwight D. Eisenhower'>
292,9780415978729,"The Sailing Navy, 1775-1854",Paul Silverstone,Silverstone,Paul,<WikipediaPage 'Silverstone Circuit'>
293,9780743216371,Yanks,John Eisenhower,Eisenhower,John,<WikipediaPage 'John Eisenhower'>
294,IND:39000001877203,The Papers of Dwight David Eisenhower: The presidency: the middle way,Dwight Eisenhower,Eisenhower,Dwight,<WikipediaPage 'Dwight D. Eisenhower'>
295,9780759520370,"The Autobiography of Martin Luther King, Jr.",Clayborne Carson,Carson,Clayborne,<WikipediaPage 'Clayborne Carson'>
296,0230109594,"Admiral ""Bull"" Halsey",John Wukovits,Wukovits,John,<WikipediaPage 'John F. Wukovits'>
297,HARVARD:32044103137444,The Federal Statutes Annotated: have title: The federal statutes annotated; notes on the Constitution of the United States by Thomas H. Culvert; comp. under the editorial supervision of William M. McKinney,United States,States,United,<WikipediaPage 'United States'>
298,9780679732549,Shoot the Piano Player,David Goodis,Goodis,David,<WikipediaPage 'David Goodis'>
299,0822000946,CliffsNotes on Shakeapeare's Twelfth Night,J. Roberts,Roberts,J.,<WikipediaPage 'Ralph J. Roberts'>
300,BNC:1000084273,"Twelfth-night, Or What You Will",William Shakespeare,Shakespeare,William,<WikipediaPage 'William Shakespeare'>
301,0761143696,How to Spell Like a Champ,Barrie Trinkle,Trinkle,Barrie,<WikipediaPage 'Scripps National Spelling Bee'>
302,9781609401085,Black Like Me,John Griffin,Griffin,John,<WikipediaPage 'John Howard Griffin'>
303,9780736968881,Men Are Like Waffles--Women Are Like Spaghetti,Bill Farrel,Farrel,Bill,<WikipediaPage 'Peter Farrelly'>
304,9780812969221,As You Like It,William Shakespeare,Shakespeare,William,<WikipediaPage 'William Shakespeare'>
305,9780812969221,As You Like It,William Shakespeare,Shakespeare,William,<WikipediaPage 'William Shakespeare'>
306,9780812969221,As You Like It,William Shakespeare,Shakespeare,William,<WikipediaPage 'William Shakespeare'>
307,HARVARD:32044018947523,As You Like it,William Shakespeare,Shakespeare,William,<WikipediaPage 'William Shakespeare'>
308,9780307575371,War of the Rats,David Robbins,Robbins,David,<WikipediaPage 'David Robbins (composer)'>
309,9780061803963,Nimitz Class,Patrick Robinson,Robinson,Patrick,<WikipediaPage 'Patrick Robinson (author)'>
310,9780061829734,U.S.S. Seawolf,Patrick Robinson,Robinson,Patrick,<WikipediaPage 'Patrick Robinson (author)'>
311,9780307569028,Having a Mary Heart in a Martha World,Joanna Weaver,Weaver,Joanna,<WikipediaPage 'Joanna Weaver'>
312,9781524762858,Thirst,Scott Harrison,Harrison,Scott,<WikipediaPage 'Scott Harrison (charity founder)'>
313,9780440243069,The Gilded Web,Mary Balogh,Balogh,Mary,<WikipediaPage 'Mary Balogh'>
314,UCBK:C058607042,Resurrection,graf Tolstoy,Tolstoy,graf,<WikipediaPage 'Aleksey Nikolayevich Tolstoy'>
315,9780802197177,Cold Mountain,Charles Frazier,Frazier,Charles,<WikipediaPage 'Charles Frazier'>
316,9781844151455,Red Road From Stalingrad,Mansur Abdulin,Abdulin,Mansur,<WikipediaPage 'Mansur Abdulin'>
317,0631164472,The Levinas Reader,Sean Hand,Hand,Sean,<WikipediaPage 'Sean Connery'>
318,9781101568026,Demon Angel,Meljean Brook,Brook,Meljean,<WikipediaPage 'Meljean Brook'>
319,9780813591759,The Queer Fantasies of the American Family Sitcom,Tison Pugh,Pugh,Tison,<WikipediaPage 'In Cold Blood (film)'>
320,1585671266,Hemingway Vs. Fitzgerald,Scott Donaldson,Donaldson,Scott,<WikipediaPage 'Scott Donaldson'>
321,9780553248647,The Haj,Leon Uris,Uris,Leon,<WikipediaPage 'Leon Uris'>
322,9780316341554,A God in Ruins,Kate Atkinson,Atkinson,Kate,<WikipediaPage 'Kate Atkinson (writer)'>
323,9781543706741,The Battle Cry,Niti Majethia,Majethia,Niti,<WikipediaPage 'Chanakya (TV series)'>
324,1627159487,The Angry Hills,Leon Uris,Uris,Leon,<WikipediaPage 'Leon Uris'>
325,9781575064840,Making Sense of the Divine Name in the Book of Exodus,Austin Surls,Surls,Austin,<WikipediaPage 'James Surls'>
326,9780547420295,The Things They Carried,Tim O'Brien,O'Brien,Tim,<WikipediaPage 'Tim O'Brien (author)'>
327,UOM:39015082982649,"Dictionary Catalog of the Research Libraries of the New York Public Library, 1911-1971",New Libraries,Libraries,New,<WikipediaPage 'New York Public Library'>
328,9781407162386,The Giggler Treatment,Roddy Doyle,Doyle,Roddy,<WikipediaPage 'Roddy Doyle'>
329,UOM:39015031909602,Walden,Henry Thoreau,Thoreau,Henry,<WikipediaPage 'Henry David Thoreau'>
330,ONB:+Z219887606,Title The Works of Douglas Jerrold ; With an Introductory Memoir by His Son,Douglas Jerrold,Jerrold,Douglas,<WikipediaPage 'Douglas William Jerrold'>
331,0439305306,Rover Saves Christmas,Roddy Doyle,Doyle,Roddy,<WikipediaPage 'Roddy Doyle'>
332,9781409046486,The Snapper,Roddy Doyle,Doyle,Roddy,<WikipediaPage 'Roddy Doyle'>
333,9781349108770,"The Secret Rose, Stories by W. B. Yeats: A Variorum Edition",W.B. Yeats,Yeats,W.B.,<WikipediaPage 'W. B. Yeats'>
334,9781442277489,A Research Guide to Gothic Literature in English,Sherri Brown,Brown,Sherri,<WikipediaPage 'Sherri Saum'>
335,9781413480948,A Dracula Handbook,Elizabeth Miller,Miller,Elizabeth,<WikipediaPage 'Elizabeth Miller (academic)'>
336,9781937832223,Loopholes of Real Estate,Garrett Sutton,Sutton,Garrett,<WikipediaPage 'Garrett Sutton (author)'>
337,9781101057100,Hope Is the Thing With Feathers,Christopher Cokinos,Cokinos,Christopher,<WikipediaPage 'Christopher Cokinos'>
338,STANFORD:36105006357508,Catalog of Copyright Entries,Library Office,Office,Library,<WikipediaPage 'Library'>
339,0553270621,Winter Dreams,Stefanie Curtis,Curtis,Stefanie,<WikipediaPage 'Stef Curtis'>
340,9780571353453,Sweet Dreams,Dylan Jones,Jones,Dylan,<WikipediaPage 'Dylan Jones'>
341,9780595391295,The Trivia Book of Rock 'n' Roll Music,Jimmy Correa,Correa,Jimmy,<WikipediaPage 'Lou Correa'>
342,9780007518470,"Cecelia Ahern 2-Book Valentine Collection: PS I Love You, Where Rainbows End",Cecelia Ahern,Ahern,Cecelia,<WikipediaPage 'Cecelia Ahern'>
343,0156026988,Tales from Margaritaville,Jimmy Buffett,Buffett,Jimmy,<WikipediaPage 'Jimmy Buffett'>
344,9780449005866,A Pirate Looks at Fifty,Jimmy Buffett,Buffett,Jimmy,<WikipediaPage 'Jimmy Buffett'>
345,9780857125958,The Encyclopedia of Popular Music,Colin Larkin,Larkin,Colin,<WikipediaPage 'Colin Larkin'>
346,9780553375268,The Dog Who Loved Too Much,Nicholas Dodman,Dodman,Nicholas,<WikipediaPage 'Animal psychopathology'>
347,9781524763183,A Promised Land,Barack Obama,Obama,Barack,<WikipediaPage 'Barack Obama'>
348,9780307795274,Black Power,Charles Hamilton,Hamilton,Charles,<WikipediaPage 'Charles V. Hamilton'>
349,9781434766632,The Heart of a Leader,Ken Blanchard,Blanchard,Ken,<WikipediaPage 'Ken Blanchard'>
350,059355938X,Mission Possible: Go Create a Life That Counts,Tim Tebow,Tebow,Tim,NaN
351,9781400314201,Lead Like Jesus,Ken Blanchard,Blanchard,Ken,<WikipediaPage 'Ken Blanchard'>
352,9781119096573,The Ultimate Algorithmic Trading System Toolbox + Website,George Pruitt,Pruitt,George,<WikipediaPage 'Pruitt Taylor Vince'>
353,1605098752,Full Steam Ahead!,Kenneth Blanchard,Blanchard,Kenneth,<WikipediaPage 'Ken Blanchard'>
354,9780307453563,The Servant,James Hunter,Hunter,James,NaN
355,9780253112248,Guide to the Euphonium Repertoire,R. Morris,Morris,R.,<WikipediaPage 'Charles R. Morris'>
356,9780385674546,A Walk in the Woods,Bill Bryson,Bryson,Bill,<WikipediaPage 'Bill Bryson'>
357,9781440838552,The Bizarre World of Reality Television,Stuart Lenig,Lenig,Stuart,<WikipediaPage 'Bête Noire (album)'>
358,9780307373625,The Life and Times of the Thunderbolt Kid,Bill Bryson,Bryson,Bill,<WikipediaPage 'Bill Bryson'>
359,IND:30000102989898,The Complete Notes,Bill Bryson,Bryson,Bill,<WikipediaPage 'Bill Bryson'>
360,9780810881983,"A Catalog of Music Written in Honor of Martin Luther King, Jr",Anthony McDonald,McDonald,Anthony,NaN
361,9789391031091,Book Title Journey to the Tenth Dimension: A Collection of Science Fictions and Thrillers,Bijetri Roy,Roy,Bijetri,NaN
362,9781101513477,Lover Unleashed,J.R. Ward,Ward,J.R.,<WikipediaPage 'Jessica Bird'>
363,0451223594,Dark Lover (Wal-Mart Edition),J. Ward,Ward,J.,<WikipediaPage 'J Ward'>
364,9781101513477,Lover Unleashed,J.R. Ward,Ward,J.R.,<WikipediaPage 'Jessica Bird'>
365,9781453227923,All Things Wise and Wonderful,James Herriot,Herriot,James,<WikipediaPage 'James Herriot'>
366,9780812985535,All Quiet on the Western Front,Erich Remarque,Remarque,Erich,<WikipediaPage 'Erich Maria Remarque'>
367,156077231X,All Quiet on the Western Front,Center Staff,Staff,Center,NaN
368,9781473577411,The Nightingale,Sam Lee,Lee,Sam,<WikipediaPage 'Sidney Lee'>
369,9781473577411,The Nightingale,Sam Lee,Lee,Sam,<WikipediaPage 'Sidney Lee'>
370,9781982537739,Whirlwind,James Clavell,Clavell,James,<WikipediaPage 'James Clavell'>
371,9781982537579,Tai-Pan,James Clavell,Clavell,James,<WikipediaPage 'James Clavell'>
372,1627150919,James Clavell's Whirlwind,James Clavell,Clavell,James,<WikipediaPage 'James Clavell'>
373,9780804151429,Alaska,James Michener,Michener,James,<WikipediaPage 'James A. Michener'>
374,0749311916,The Drifters,James Michener,Michener,James,<WikipediaPage 'James A. Michener'>
375,9781612625027,Sayonara Zetsubou-Sensei,Koji Kumeta,Kumeta,Koji,<WikipediaPage 'Kōji Kumeta'>
376,9780812986747,The Bridge at Andau,James Michener,Michener,James,<WikipediaPage 'James A. Michener'>
377,UCR:31210003620026,The Caribbean Basin Policy,United Affairs,Affairs,United,<WikipediaPage 'Bureau of Indian Affairs'>
378,9780316097765,War and Remembrance,Herman Wouk,Wouk,Herman,<WikipediaPage 'Herman Wouk'>
379,9781403300119,Life in the Left Lane,Emy Thomas,Thomas,Emy,"<WikipediaPage 'The Challenge: Spies, Lies & Allies'>"
380,9780593236673,The Hope of Glory,Jon Meacham,Meacham,Jon,<WikipediaPage 'Jon Meacham'>
381,9781444779318,Youngblood Hawke,Herman Wouk,Wouk,Herman,<WikipediaPage 'Herman Wouk'>
382,UCAL:B2877341,Statistical Report,Illinois. Commission,Commission,Illinois.,<WikipediaPage 'Serve Illinois Commission'>
383,9781400079070,The Curious Incident of the Dog in the Night-Time,Mark Haddon,Haddon,Mark,<WikipediaPage 'Mark Haddon'>
384,9780374105235,A Long Way Gone,Ishmael Beah,Beah,Ishmael,<WikipediaPage 'Ishmael Beah'>
385,9781429906234,Sorrow's Anthem,Michael Koryta,Koryta,Michael,<WikipediaPage 'Michael Koryta'>
386,UCAL:B4732081,The Call of the Wild,Jack London,London,Jack,<WikipediaPage 'Jack London'>
387,9781101635537,The Sea-Wolf and Selected Stories,Jack London,London,Jack,<WikipediaPage 'Jack London'>
388,9780061734281,The Death of an Irish Consul,Bartholomew Gill,Gill,Bartholomew,<WikipediaPage 'Bartholomew Gill'>
389,UCAL:B4732081,The Call of the Wild,Jack London,London,Jack,<WikipediaPage 'Jack London'>
390,HARVARD:32044018634246,The Sea-wolf,Jack London,London,Jack,<WikipediaPage 'Jack London'>
391,0061835676,Kilo Class,Patrick Robinson,Robinson,Patrick,<WikipediaPage 'Patrick Robinson (author)'>
392,9780061806629,Barracuda 945,Patrick Robinson,Robinson,Patrick,<WikipediaPage 'Patrick Robinson (author)'>
393,9780061829734,U.S.S. Seawolf,Patrick Robinson,Robinson,Patrick,<WikipediaPage 'Patrick Robinson (author)'>
394,9780763697655,Slider,Pete Hautman,Hautman,Pete,<WikipediaPage 'Pete Hautman'>
395,9780061829734,U.S.S. Seawolf,Patrick Robinson,Robinson,Patrick,<WikipediaPage 'Patrick Robinson (author)'>
396,9780061829734,U.S.S. Seawolf,Patrick Robinson,Robinson,Patrick,<WikipediaPage 'Patrick Robinson (author)'>
397,0553505394,True Blue,Daniel Topolski,Topolski,Daniel,<WikipediaPage 'Daniel Topolski'>
398,9781430130376,A Picture Book of Anne Frank,David Adler,Adler,David,<WikipediaPage 'David A. Adler'>
399,1561376078,Anne Frank,Anne Frank,Frank,Anne,<WikipediaPage 'Anne Frank'>
400,9781565124509,Enslaved by Ducks,Bob Tarte,Tarte,Bob,<WikipediaPage 'Living Next Door to Alice'>
401,9780451495372,"Hello, My Name is Ice Cream",Dana Cree,Cree,Dana,<WikipediaPage 'Cree Summer'>
402,9781466817326,Marching Powder,Thomas McFadden,McFadden,Thomas,<WikipediaPage 'Louis Thomas McFadden'>
403,9781466817326,Marching Powder,Thomas McFadden,McFadden,Thomas,<WikipediaPage 'Louis Thomas McFadden'>
404,9781107394469,Nations and Nationalism since 1780,E. Hobsbawm,Hobsbawm,E.,<WikipediaPage 'Eric Hobsbawm'>
405,9780307426413,Interesting Times,Eric Hobsbawm,Hobsbawm,Eric,<WikipediaPage 'Eric Hobsbawm'>
406,9781503610828,Empire of Guns,Priya Satia,Satia,Priya,<WikipediaPage 'Priya Satia'>
407,9780987228338,Manifesto,Ernesto Guevara,Guevara,Ernesto,<WikipediaPage 'Che Guevara'>
408,9781662431524,When Boxing Mattered,Bo Brumble,Brumble,Bo,<WikipediaPage 'Cerberus'>
409,9781437930610,Pre-Incident Indicators of Terrorist Incidents,Brent Smith,Smith,Brent,NaN
410,0822315386,A Rhetoric of Bourgeois Revolution,William (Jr.),(Jr.),William,<WikipediaPage 'William F. Buckley Jr.'>
411,9780547546742,Winter Is the Warmest Season,Lauren Stringer,Stringer,Lauren,NaN
412,9781508151944,It's Winter,Joyce Jeffries,Jeffries,Joyce,<WikipediaPage 'Lunatics (TV series)'>
413,9781508151913,It's Winter,Joyce Jeffries,Jeffries,Joyce,<WikipediaPage 'Lunatics (TV series)'>
414,STANFORD:36105037393233,Winter Season,Toni Bentley,Bentley,Toni,<WikipediaPage 'Toni Bentley'>
415,9781603848800,Twilight of the Idols,Friedrich Nietzsche,Nietzsche,Friedrich,<WikipediaPage 'Friedrich Nietzsche'>
416,9781136067976,Practical DV Filmmaking,Russell Evans,Evans,Russell,NaN
417,CORNELL:31924073965521,D.v.,Diana Vreeland,Vreeland,Diana,<WikipediaPage 'Diana Vreeland'>
418,9781944960162,Financial Market History: Reflections on the Past for Investors Today,David Chambers,Chambers,David,NaN
419,9780199880843,Brown v. Board of Education,James Patterson,Patterson,James,<WikipediaPage 'James Patterson'>
420,UOM:39015082147102,The Life of King Henry the Fifth,William Shakespeare,Shakespeare,William,<WikipediaPage 'William Shakespeare'>
421,1859843301,Hegemony and Socialist Strategy,Ernesto Laclau,Laclau,Ernesto,<WikipediaPage 'Ernesto Laclau'>
422,9781788731331,On Populist Reason,Ernesto Laclau,Laclau,Ernesto,<WikipediaPage 'Ernesto Laclau'>
423,185984278X,"Contingency, Hegemony, Universality",Judith Butler,Butler,Judith,<WikipediaPage 'Judith Butler'>
424,1948220008,The Meaning of Life,Nathanael Novosel,Novosel,Nathanael,NaN
425,9780470765951,Sweet Violence,Terry Eagleton,Eagleton,Terry,<WikipediaPage 'Terry Eagleton'>
426,9781118724927,The English Novel,Terry Eagleton,Eagleton,Terry,<WikipediaPage 'Terry Eagleton'>
427,0596001452,MySQL Cookbook,Paul DuBois,DuBois,Paul,<WikipediaPage 'W. E. B. Du Bois'>
428,9780552152167,Not Without My Daughter,Betty Mahmoody,Mahmoody,Betty,<WikipediaPage 'Betty Mahmoody'>
429,9780061958434,The Girls of Lighthouse Lane #4,Thomas Kinkade,Kinkade,Thomas,NaN
430,9780061958427,The Girls of Lighthouse Lane #3,Thomas Kinkade,Kinkade,Thomas,NaN
431,0470875534,"Good Kids, Tough Choices",Rushworth Kidder,Kidder,Rushworth,<WikipediaPage 'Rushworth Kidder'>
432,9780062262684,Creating a Life Worth Living,Carol Lloyd,Lloyd,Carol,NaN
433,9781604683813,Happy Endings,Mimi Dietrich,Dietrich,Mimi,<WikipediaPage 'Mimi Dietrich'>
434,9780230592247,Feminists Organising Against Gendered Violence,L. McMillan,McMillan,L.,<WikipediaPage 'William L. McMillan'>
435,9780525562139,Death and Other Happy Endings,Melanie Cantor,Cantor,Melanie,NaN
436,9780307793836,Trail of Tears,John Ehle,Ehle,John,<WikipediaPage 'John Ehle'>
437,9780307793836,Trail of Tears,John Ehle,Ehle,John,<WikipediaPage 'John Ehle'>
438,OXFORD:555019426,The Family friend [ed. by R.K. Philp].,Robert Philp,Philp,Robert,<WikipediaPage 'Robert Philp'>
439,9781935169840,Nothing Lasts Forever (Basis for the film Die Hard),Roderick Thorp,Thorp,Roderick,<WikipediaPage 'Roderick Thorp'>
440,0006178731,Rage of Angels,Sidney Sheldon,Sheldon,Sidney,<WikipediaPage 'Sidney Sheldon'>
441,9781471103049,He Sees You When You're Sleeping,Carol Clark,Clark,Carol,<WikipediaPage 'Carol Higgins Clark'>
442,0684832380,My Gal Sunday,Mary Clark,Clark,Mary,<WikipediaPage 'Mary Higgins Clark'>
443,9781471103155,We'll Meet Again,Mary Clark,Clark,Mary,<WikipediaPage 'Mary Higgins Clark'>
444,066422380X,All Through the Night,Michael Counsell,Counsell,Michael,<WikipediaPage 'The Tale of Kieu'>
445,0671519182,The Night Awakens,Mary Clark,Clark,Mary,<WikipediaPage 'Mary Higgins Clark'>
446,1732554161,The Book Who Lost Its Title,Savannah Hendricks,Hendricks,Savannah,"<WikipediaPage 'Claxton, Georgia'>"
447,9780385342247,Second Time Around,Beth Kendrick,Kendrick,Beth,<WikipediaPage 'Anna Kendrick'>
448,9781598535907,My Dearest Julia: The Wartime Letters of Ulysses S. Grant to His Wife,Ulysses Grant,Grant,Ulysses,<WikipediaPage 'Ulysses S. Grant'>
449,9780743272254,The Christmas Thief,Mary Clark,Clark,Mary,<WikipediaPage 'Mary Higgins Clark'>
450,0743412613,Kitchen Privileges,Mary Clark,Clark,Mary,<WikipediaPage 'Mary Higgins Clark'>
451,9781250115904,I'll See You in Paris,Michelle Gable,Gable,Michelle,<WikipediaPage 'Michelle Gable'>
452,0743448944,Mount Vernon Love Story,Mary Clark,Clark,Mary,<WikipediaPage 'Mary Higgins Clark'>
453,9780393347494,Inventing the People: The Rise of Popular Sovereignty in England and America,Edmund Morgan,Morgan,Edmund,<WikipediaPage 'Edmund Morgan (historian)'>
454,OCLC:560226468,"The Benjamin Franklin Sampler, Etc. [Originally Published in U.S.A. Under the Title Benjamin Franklin Reader.].",Benjamin Franklin,Franklin,Benjamin,<WikipediaPage 'Benjamin Franklin'>
455,9781643698359,Slavery,Katie Marsico,Marsico,Katie,<WikipediaPage 'Andrew Lloyd Webber'>
456,1886746230,The Puritan Dilemma,Edmund Morgan,Morgan,Edmund,<WikipediaPage 'Edmund Morgan (historian)'>
457,0061753971,Thomas Jefferson,Christopher Hitchens,Hitchens,Christopher,<WikipediaPage 'Christopher Hitchens'>
458,9780593565377,One of Us Is Lying (TV Series Tie-In Edition),Karen McManus,McManus,Karen,<WikipediaPage 'Karen M. McManus'>
459,9780771039195,The Missionary Position,Christopher Hitchens,Hitchens,Christopher,<WikipediaPage 'Christopher Hitchens'>
460,9781782394983,Unacknowledged Legislation,Christopher Hitchens,Hitchens,Christopher,<WikipediaPage 'Christopher Hitchens'>
461,0860914356,For the Sake of Argument,Christopher Hitchens,Hitchens,Christopher,<WikipediaPage 'Christopher Hitchens'>
462,1859843980,The Trial of Henry Kissinger,Christopher Hitchens,Hitchens,Christopher,<WikipediaPage 'Christopher Hitchens'>
463,0452284988,A Long Short War,Christopher Hitchens,Hitchens,Christopher,<WikipediaPage 'Christopher Hitchens'>
464,1859843409,Blaming the Victims,Edward Said,Said,Edward,<WikipediaPage 'Edward Said'>
465,9781782394983,Unacknowledged Legislation,Christopher Hitchens,Hitchens,Christopher,<WikipediaPage 'Christopher Hitchens'>
466,9781524762957,How Democracies Die,Steven Levitsky,Levitsky,Steven,<WikipediaPage 'Steven Levitsky'>
467,9780198838418,Homage to Catalonia,George Orwell,Orwell,George,<WikipediaPage 'George Orwell'>
468,9781590171103,Hons and Rebels,Jessica Mitford,Mitford,Jessica,<WikipediaPage 'Jessica Mitford'>
469,9781443869812,The Flâneur Abroad,Richard Wrigley,Wrigley,Richard,NaN
470,9781285545981,Physics Laboratory Manual,David Loyd,Loyd,David,<WikipediaPage 'David Lloyd George'>
471,9781556433504,A Saucer of Loneliness,Theodore Sturgeon,Sturgeon,Theodore,<WikipediaPage 'Theodore Sturgeon'>
472,UOM:39015062892123,Surviving Justice,Lola Vollen,Vollen,Lola,<WikipediaPage 'Laurie Lola Vollen'>
473,9780399586873,The Intermission,Elyssa Friedland,Friedland,Elyssa,<WikipediaPage 'Realm Media'>
474,1938073592,The Best of McSweeney's,Dave Eggers,Eggers,Dave,<WikipediaPage 'Dave Eggers'>
475,1590170709,The Tenants of Moonbloom,Edward Wallant,Wallant,Edward,<WikipediaPage 'Edward Lewis Wallant'>
476,9780399586873,The Intermission,Elyssa Friedland,Friedland,Elyssa,<WikipediaPage 'Realm Media'>
477,9780399586873,The Intermission,Elyssa Friedland,Friedland,Elyssa,<WikipediaPage 'Realm Media'>
478,9780399586873,The Intermission,Elyssa Friedland,Friedland,Elyssa,<WikipediaPage 'Realm Media'>
479,9780141389325,Forty Stories,Dave Eggers,Eggers,Dave,<WikipediaPage 'Dave Eggers'>
480,UCSC:32106005516486,A Tramp Abroad,Mark Twain,Twain,Mark,<WikipediaPage 'Mark Twain bibliography'>
481,9781466449695,Black Gemini,Rachael Kirby,Kirby,Rachael,<WikipediaPage 'Luke Kirby'>
482,0732745640,Shooting Stars Set (11 Titles),Mimosa Mimosa,Mimosa,Mimosa,<WikipediaPage 'Mimosa'>
483,9781416530879,Scattered Leaves,Virginia Andrews,Andrews,Virginia,NaN
484,9780743454346,Shooting Stars Omnibus,V.C. Andrews,Andrews,V.C.,NaN
485,9780743454346,Shooting Stars Omnibus,V.C. Andrews,Andrews,V.C.,NaN
486,STANFORD:36105007418952,Historical Collections,Ebenezer Hazard,Hazard,Ebenezer,<WikipediaPage 'Ebenezer Hazard'>
487,9781471133916,Ruby,Virginia Andrews,Andrews,Virginia,NaN
488,0062062905,Criss Cross,Lynne Perkins,Perkins,Lynne,<WikipediaPage 'Lynne Rae Perkins'>
489,0062062905,Criss Cross,Lynne Perkins,Perkins,Lynne,<WikipediaPage 'Lynne Rae Perkins'>
490,9780743454346,Shooting Stars Omnibus,V.C. Andrews,Andrews,V.C.,NaN
491,1451637160,Raven,V.C. Andrews,Andrews,V.C.,NaN
492,9780812978179,The Book of Daniel,E.L. Doctorow,Doctorow,E.L.,<WikipediaPage 'E. L. Doctorow'>
493,UOM:39015082933006,Library of Congress Catalogs,Library Congress,Congress,Library,<WikipediaPage 'Library of Congress'>
494,0520089049,Alfred Hitchcock,Jane Sloan,Sloan,Jane,<WikipediaPage 'Katie Stevens'>
495,UCR:31210007566506,"Title IV, Missing Children's Assistance Act",United Resources,Resources,United,<WikipediaPage 'United Resources Party'>
496,9781416506669,Child of Darkness,V.C. Andrews,Andrews,V.C.,NaN
497,9780062662613,The Dragon Republic,R. Kuang,Kuang,R.,<WikipediaPage 'R. F. Kuang'>
498,0826215491,The Ivory Tower and Harry Potter,Lana Whited,Whited,Lana,<WikipediaPage 'Chemtrails over the Country Club'>
499,1484475526,Harry Potter and the Goblet of Fire,J. Rowling,Rowling,J.,<WikipediaPage 'J. K. Rowling'>
500,9781471103315,Sun-kissed,Melissa Cruz,Cruz,Melissa,<WikipediaPage 'Melissa de la Cruz'>
501,9781442474178,Crazy Hot,Melissa Cruz,Cruz,Melissa,<WikipediaPage 'Melissa de la Cruz'>
502,9780440000471,The Au Pair,Emma Rous,Rous,Emma,<WikipediaPage 'Bess Rous'>
503,0809230410,Wooden: A Lifetime of Observations and Reflections On and Off the Court,John Wooden,Wooden,John,<WikipediaPage 'John Wooden'>
504,9781407019499,Dr Jekyll and Mr Hyde and Other Stories,Robert Stevenson,Stevenson,Robert,<WikipediaPage 'Robert Louis Stevenson'>
505,EAN:4064066356231,The Once and Future King,T. White,White,T.,<WikipediaPage 'Joseph T. White'>
506,9780385673280,Rose of No Man's Land,Michelle Tea,Tea,Michelle,<WikipediaPage 'Michelle Tea'>
507,0241952409,The Roses of No Man's Land,Lyn Macdonald,Macdonald,Lyn,<WikipediaPage 'Lyn Macdonald'>
508,STANFORD:36105114587632,The Quitter,Harvey Pekar,Pekar,Harvey,<WikipediaPage 'Harvey Pekar'>
509,UCR:31210011112685,Reauthorization of the National Endowments for the Arts and Humanities,U. Staff,Staff,U.,<WikipediaPage 'Chief of Staff of the United States Army'>
510,9780345543394,American Splendor: Our Movie Year,Harvey Pekar,Pekar,Harvey,<WikipediaPage 'Harvey Pekar'>
511,9780345543394,American Splendor: Our Movie Year,Harvey Pekar,Pekar,Harvey,<WikipediaPage 'Harvey Pekar'>
512,1581807597,Face Off,Harry Hamernik,Hamernik,Harry,NaN
513,9780375714528,David Boring,Daniel Clowes,Clowes,Daniel,<WikipediaPage 'Daniel Clowes'>
514,1560974362,Twentieth Century Eightball,Daniel Clowes,Clowes,Daniel,<WikipediaPage 'Daniel Clowes'>
515,0156032112,The People of Paper,Salvador Plascencia,Plascencia,Salvador,<WikipediaPage 'Salvador Plascencia'>
516,1426887507,The Lawman's Bride,Cheryl St.John,St.John,Cheryl,<WikipediaPage 'Cheryl St. John'>
517,1439106797,Two Brothers,Linda Miller,Miller,Linda,<WikipediaPage 'Linda Miller (actress)'>
518,1439106797,Two Brothers,Linda Miller,Miller,Linda,<WikipediaPage 'Linda Miller (actress)'>
519,UCSC:32106014598343,Reading Stephen King,Brenda Power,Power,Brenda,<WikipediaPage 'Brenda Power'>
520,9780062309440,Leadership and the One Minute Manager Updated Ed,Kenneth Blanchard,Blanchard,Kenneth,<WikipediaPage 'Ken Blanchard'>
521,9780525558514,No Good Alternative,William Vollmann,Vollmann,William,<WikipediaPage 'William T. Vollmann'>
522,UOM:39015063255775,Water for Elephants,Sara Gruen,Gruen,Sara,<WikipediaPage 'Sara Gruen'>
523,1250011868,Something Borrowed,Emily Giffin,Giffin,Emily,<WikipediaPage 'Emily Giffin'>
524,9781552546666,Athena Force: Books 1-6,Justine Davis,Davis,Justine,<WikipediaPage 'Obsessive–compulsive disorder'>
525,9781453298251,McNally's Risk,Lawrence Sanders,Sanders,Lawrence,<WikipediaPage 'Lawrence Sanders'>
526,9781453298282,McNally's Puzzle,Lawrence Sanders,Sanders,Lawrence,<WikipediaPage 'Lawrence Sanders'>
527,9781453298237,McNally's Secret,Lawrence Sanders,Sanders,Lawrence,<WikipediaPage 'Lawrence Sanders'>
528,0195158121,Envy,Joseph Epstein,Epstein,Joseph,<WikipediaPage 'Joseph Epstein (writer)'>
529,9781615792825,The Bible,Linda Peters,Peters,Linda,<WikipediaPage 'Linda Thompson (singer)'>
530,9781453298442,The Anderson Tapes,Lawrence Sanders,Sanders,Lawrence,<WikipediaPage 'Lawrence Sanders'>
531,9781101212264,A Garden of Vipers,Jack Kerley,Kerley,Jack,<WikipediaPage 'Jack Kerley'>
532,9780300245929,The Master and His Emissary,Iain McGilchrist,McGilchrist,Iain,<WikipediaPage 'Iain McGilchrist'>
533,UOM:39015049642161,MLA Style Manual and Guide to Scholarly Publishing,Joseph Gibaldi,Gibaldi,Joseph,<WikipediaPage 'MLA Handbook'>
534,0330389866,The Blackwater Lightship,Colm Tóibín,Tóibín,Colm,<WikipediaPage 'Colm Tóibín'>
535,UOM:39015032229455,The Sign of the Cross,Colm Tóibín,Tóibín,Colm,<WikipediaPage 'Colm Tóibín'>
536,9781566895040,Through the Arc of the Rain Forest,Karen Yamashita,Yamashita,Karen,<WikipediaPage 'Karen Tei Yamashita'>
537,9781566895026,Tropic of Orange,Karen Yamashita,Yamashita,Karen,<WikipediaPage 'Karen Tei Yamashita'>
538,9780262510875,"Structure and Interpretation of Computer Programs, second edition",Harold Abelson,Abelson,Harold,<WikipediaPage 'Hal Abelson'>
539,0061740977,Crooked Little Vein,Warren Ellis,Ellis,Warren,<WikipediaPage 'Warren Ellis'>
540,1442068574,Fell,David Clement-Davies,Clement-Davies,David,<WikipediaPage 'David Clement-Davies'>
541,1401202454,"John Constantine, Hellblazer: Setting sun",Warren Ellis,Ellis,Warren,<WikipediaPage 'Warren Ellis'>
542,9780785178866,Nextwave Vol. 1,Warren Ellis,Ellis,Warren,<WikipediaPage 'Warren Ellis'>
543,140121150X,Desolation Jones,Warren Ellis,Ellis,Warren,<WikipediaPage 'Warren Ellis'>
544,UOM:39015047294510,The Invincible Iron Man,Warren Ellis,Ellis,Warren,<WikipediaPage 'Warren Ellis'>
545,9781947083936,"Innovation Management and New Product Development for Engineers, Volume II",Rob Dekkers,Dekkers,Rob,<WikipediaPage 'Ramon Dekkers'>
546,1435216229,Azumanga Daioh 3,Kiyohiko Azuman,Azuman,Kiyohiko,NaN
547,9780307575852,Interview with the Vampire,Anne Rice,Rice,Anne,<WikipediaPage 'Anne Rice'>
548,9780307575852,Interview with the Vampire,Anne Rice,Rice,Anne,<WikipediaPage 'Anne Rice'>
549,9780307762542,The Vampire Chronicles Collection,Anne Rice,Rice,Anne,<WikipediaPage 'Anne Rice'>
550,0375412700,Merrick,Anne Rice,Rice,Anne,<WikipediaPage 'Anne Rice'>
551,0345379225,The Vampire Companion,Katherine Ramsland,Ramsland,Katherine,<WikipediaPage 'Katherine Ramsland'>
552,9780345334534,The Feast of All Saints,Anne Rice,Rice,Anne,<WikipediaPage 'Anne Rice'>
553,9780674254497,"Exit, Voice, and Loyalty",Albert Hirschman,Hirschman,Albert,<WikipediaPage 'Albert O. Hirschman'>
554,9780307575937,The Vampire Lestat,Anne Rice,Rice,Anne,<WikipediaPage 'Anne Rice'>
555,9780307575937,The Vampire Lestat,Anne Rice,Rice,Anne,<WikipediaPage 'Anne Rice'>
556,9780307575951,The Witching Hour,Anne Rice,Rice,Anne,<WikipediaPage 'Anne Rice'>
557,0307575942,"Vittorio, the Vampire",Anne Rice,Rice,Anne,<WikipediaPage 'Anne Rice'>
558,9780345334534,The Feast of All Saints,Anne Rice,Rice,Anne,<WikipediaPage 'Anne Rice'>
559,9781429939522,When Christ and His Saints Slept,Sharon Penman,Penman,Sharon,<WikipediaPage 'Sharon Kay Penman'>
560,1429985097,Phantom,Terry Goodkind,Goodkind,Terry,<WikipediaPage 'Terry Goodkind'>
561,0765300273,Wizard's First Rule,Terry Goodkind,Goodkind,Terry,<WikipediaPage 'Terry Goodkind'>
562,0765300273,Wizard's First Rule,Terry Goodkind,Goodkind,Terry,<WikipediaPage 'Terry Goodkind'>
563,1429984570,Naked Empire,Terry Goodkind,Goodkind,Terry,<WikipediaPage 'Terry Goodkind'>
564,9781582187631,Explorations Into the World of Lewis and Clark V-2 of 3,Robert Saindon,Saindon,Robert,<WikipediaPage 'Corps of Discovery'>
565,1429984570,Naked Empire,Terry Goodkind,Goodkind,Terry,<WikipediaPage 'Terry Goodkind'>
566,0976401118,The Wood Boy,Raymond Feist,Feist,Raymond,<WikipediaPage 'Raymond E. Feist'>
567,9780525480143,The King's Buccaneer,Raymond Feist,Feist,Raymond,<WikipediaPage 'Raymond E. Feist bibliography'>
568,0553564943,Magician,Raymond Feist,Feist,Raymond,<WikipediaPage 'Raymond E. Feist'>
569,9780525480051,Magician: Master,Raymond Feist,Feist,Raymond,<WikipediaPage 'Raymond E. Feist bibliography'>
570,9780553277838,Faerie Tale,Raymond Feist,Feist,Raymond,<WikipediaPage 'Raymond E. Feist'>
571,9781101128602,Promise Me,Harlan Coben,Coben,Harlan,NaN
572,9780345544551,The Myron Bolitar Series 7-Book Bundle,Harlan Coben,Coben,Harlan,NaN
573,9780446573009,The Innocent,David Baldacci,Baldacci,David,<WikipediaPage 'David Baldacci'>
574,9781409116677,No Second Chance,Harlan Coben,Coben,Harlan,<WikipediaPage 'Harlan Coben'>
575,9780593182895,The Stranger (Movie Tie-In),Harlan Coben,Coben,Harlan,NaN
576,9780593355879,Gone for Good,Harlan Coben,Coben,Harlan,<WikipediaPage 'Harlan Coben'>
577,9780345542229,Drop Shot,Harlan Coben,Coben,Harlan,NaN
578,9780593355862,Tell No One,Harlan Coben,Coben,Harlan,<WikipediaPage 'Harlan Coben'>
579,9781465504661,The ¨neid of Virgil Translated Into English Verse by E. Fairfax Taylor,Virgil Virgil,Virgil,Virgil,<WikipediaPage 'Aeneas'>
580,UOM:39015040571690,The Complete Odes and Epodes,Quintus Flaccus,Flaccus,Quintus,<WikipediaPage 'Quintus Fulvius Flaccus (consul 237 BC)'>
581,9780735619654,Object Thinking,David West,West,David,NaN
582,0714682306,Encyclopedia of British Football,Richard Cox,Cox,Richard,<WikipediaPage 'Richard Ian Cox'>
583,0140433740,Apologia pro Vita Sua,John Newman,Newman,John,<WikipediaPage 'John Henry Newman'>
584,UVA:X030196847,Margherita Dolce Vita. Ediz. Inglese,Stefano Benni,Benni,Stefano,<WikipediaPage 'Stefano Benni'>
585,9781476796444,Racing the Sun,Karina Halle,Halle,Karina,NaN
586,9781473582408,Love Letters: Vita and Virginia,Vita Sackville-West,Sackville-West,Vita,<WikipediaPage 'Vita Sackville-West'>
587,9780310861379,The Church in Emerging Culture: Five Perspectives,Michael Horton,Horton,Michael,<WikipediaPage 'Michael Horton (actor)'>
588,9781602069770,To Mesopotamia and Kurdistan in Disguise,Ely Soane,Soane,Ely,<WikipediaPage 'Ely Bannister Soane'>
589,9780743292498,True Evil,Greg Iles,Iles,Greg,<WikipediaPage 'Greg Iles'>
590,9781442440258,Trapped,Marc Aronson,Aronson,Marc,<WikipediaPage 'Marc Aronson'>
591,0743454146,The Footprints of God,Greg Iles,Iles,Greg,<WikipediaPage 'Greg Iles'>
592,0007546688,Dead Sleep,Greg Iles,Iles,Greg,<WikipediaPage 'Greg Iles'>
593,9781429901079,Small Island,Andrea Levy,Levy,Andrea,<WikipediaPage 'Andrea Levy'>
594,STANFORD:36105119497662,Catalog of Copyright Entries,Library Office,Office,Library,<WikipediaPage 'Library'>
595,034549721X,Troy: Shield of Thunder,David Gemmell,Gemmell,David,<WikipediaPage 'David Gemmell'>
596,034549721X,Troy: Shield of Thunder,David Gemmell,Gemmell,David,<WikipediaPage 'David Gemmell'>
597,9783319757537,The Palgrave Handbook of Literary Translation,Jean Boase-Beier,Boase-Beier,Jean,NaN
598,9780195117950,Masters of Small Worlds,Stephanie McCurry,McCurry,Stephanie,<WikipediaPage 'Stephanie McCurry'>
599,0811217558,The Club of Angels,Luis Verissimo,Verissimo,Luis,<WikipediaPage 'Luis Fernando Verissimo'>
600,0140180338,A Universal History of Infamy,Jorge Borges,Borges,Jorge,<WikipediaPage 'Jorge Luis Borges'>
601,9780140286809,Collected Fictions,Jorge Borges,Borges,Jorge,<WikipediaPage 'Jorge Luis Borges'>
602,0821220802,Odes to Common Things,Pablo Neruda,Neruda,Pablo,<WikipediaPage 'Pablo Neruda'>
603,9780061733574,"Full Woman, Fleshly Apple, Hot Moon",Pablo Neruda,Neruda,Pablo,<WikipediaPage 'Pablo Neruda'>
604,1400076978,Maps for Lost Lovers,Nadeem Aslam,Aslam,Nadeem,<WikipediaPage 'Nadeem Aslam'>
605,9781108996204,Phantom Pains and Prosthetic Narratives,Alastair Minnis,Minnis,Alastair,<WikipediaPage 'Alastair Minnis'>
606,0521009375,The Ethics and Politics of Asylum,Matthew Gibney,Gibney,Matthew,<WikipediaPage 'Matthew Gibney'>
607,1840238380,Arkham Asylum,Dan Slott,Slott,Dan,<WikipediaPage 'Dan Slott'>
608,9781504027977,Blackout,John Nance,Nance,John,<WikipediaPage 'John Nance Garner'>
609,1933045256,Design Like You Give a Damn,Architecture (Organization),(Organization),Architecture,<WikipediaPage 'Organizational architecture'>
610,OCLC:34977041,The Significance of the Title of The Winter's Tale,Julie Hatton,Hatton,Julie,<WikipediaPage 'Tom Hatton (actor)'>
611,9780786731183,The Secret Life of the Seine,Mort Rosenblum,Rosenblum,Mort,<WikipediaPage 'Mort Rosenblum'>
612,9780141393490,A Crime in Holland,Georges Simenon,Simenon,Georges,<WikipediaPage 'Georges Simenon'>
613,1590171497,The Man who Watched Trains Go by,Georges Simenon,Simenon,Georges,<WikipediaPage 'Georges Simenon'>
614,0156028417,Maigret and the Killer,Georges Simenon,Simenon,Georges,<WikipediaPage 'Georges Simenon'>
615,9780698194113,The Madman of Bergerac,Georges Simenon,Simenon,Georges,<WikipediaPage 'Georges Simenon'>
616,9781590175583,Dirty Snow,Georges Simenon,Simenon,Georges,<WikipediaPage 'Georges Simenon'>
617,0140139273,The Man who Wasn't Maigret,Patrick Marnham,Marnham,Patrick,<WikipediaPage 'Patrick Marnham'>
618,ONB:+Z219887904,Title The Works of Douglas Jerrold ; With an Introductory Memoir by His Son,Douglas Jerrold,Jerrold,Douglas,<WikipediaPage 'Douglas William Jerrold'>
619,9780838909676,Sequels,Janet Husband,Husband,Janet,<WikipediaPage 'Janet Husband'>
620,9780241297261,Maigret and the Headless Corpse,Georges Simenon,Simenon,Georges,<WikipediaPage 'Georges Simenon'>
621,UOM:39015009185912,Maigret Loses His Temper,Georges Simenon,Simenon,Georges,<WikipediaPage 'Georges Simenon'>
622,9781101221464,The Looking Glass Wars,Frank Beddor,Beddor,Frank,<WikipediaPage 'Frank Beddor'>
623,9781439115268,Rash,Pete Hautman,Hautman,Pete,<WikipediaPage 'Pete Hautman'>
624,9781429900836,Saints at the River,Ron Rash,Rash,Ron,<WikipediaPage 'Ron Rash'>
625,9781429900850,The World Made Straight,Ron Rash,Rash,Ron,<WikipediaPage 'Ron Rash'>
626,189188526X,Eureka Mill,Ron Rash,Rash,Ron,<WikipediaPage 'Ron Rash'>
627,9780312425081,Chemistry and Other Stories,Ron Rash,Rash,Ron,<WikipediaPage 'Ron Rash'>
628,9780062275011,Monster: A Graphic Novel,Walter Myers,Myers,Walter,<WikipediaPage 'Walter Dean Myers'>
629,9780307485564,The Gospel of the Flying Spaghetti Monster,Bobby Henderson,Henderson,Bobby,<WikipediaPage 'Bobby Henderson (activist)'>
630,9780375829130,The Monster at the End of this Book,Jon Stone,Stone,Jon,<WikipediaPage 'Jon Stone'>
631,9781423131960,"Sea of Monsters, The (Percy Jackson and the Olympians, Book 2)",Rick Riordan,Riordan,Rick,<WikipediaPage 'Rick Riordan'>
632,9781480495517,Monster Island,David Wellington,Wellington,David,<WikipediaPage 'David Wellington (author)'>
633,9781101126868,The Frog King,Adam Davies,Davies,Adam,<WikipediaPage 'Adam Davies (author)'>
634,UOM:39015056248399,I Should be Extremely Happy in Your Company,Brian Hall,Hall,Brian,NaN
635,0080532314,Game Console Hacking,Joe Grand,Grand,Joe,<WikipediaPage 'Joe Grand'>
636,PSU:000064093109,Official Gazette of the United States Patent Office,United Office,Office,United,<WikipediaPage 'United Nations Office at Geneva'>
637,9780375724817,The Golden Age,Gore Vidal,Vidal,Gore,<WikipediaPage 'Gore Vidal'>
638,9781429956932,The Silver Pigs,Lindsey Davis,Davis,Lindsey,<WikipediaPage 'Lindsey Davis'>
639,9781429956932,The Silver Pigs,Lindsey Davis,Davis,Lindsey,<WikipediaPage 'Lindsey Davis'>
640,9781429956932,The Silver Pigs,Lindsey Davis,Davis,Lindsey,<WikipediaPage 'Lindsey Davis'>
641,9781304370853,Judas Pig,Horace Silver,Silver,Horace,<WikipediaPage 'Horace Silver'>
642,9780394746234,The Civil War,Shelby Foote,Foote,Shelby,<WikipediaPage 'Shelby Foote'>
643,9781440697661,The Help,Kathryn Stockett,Stockett,Kathryn,<WikipediaPage 'Kathryn Stockett'>
644,9780679601128,Stars in Their Courses,Shelby Foote,Foote,Shelby,<WikipediaPage 'Shelby Foote'>
645,STANFORD:36105041077335,Toujours Provence,Peter Mayle,Mayle,Peter,<WikipediaPage 'Peter Mayle'>
646,0618001875,The Civil War,Bruce Catton,Catton,Bruce,<WikipediaPage 'Bruce Catton'>
647,0393328961,The Confident Child,T. Apter,Apter,T.,<WikipediaPage 'Bill Apter'>
648,9780199959723,Self-Esteem in Time and Place,Peggy Miller,Miller,Peggy,<WikipediaPage 'Murder of Jennifer Daugherty'>
649,1705421385,Say My Name,R. Knightly,Knightly,R.,<WikipediaPage 'Knightly sword'>
650,9780061854385,Alphabet Weekends,Elizabeth Noble,Noble,Elizabeth,<WikipediaPage 'Elizabeth Noble'>
651,UCAL:B3603617,"Hearings, Reports and Prints of the Senate Select Committee on Small Business",United Business,Business,United,<WikipediaPage 'Business-to-business'>
652,9780061757037,The Rose and The Beast,Francesca Block,Block,Francesca,<WikipediaPage 'Francesca Lia Block'>
653,0064408620,I Was a Teenage Fairy,Francesca Block,Block,Francesca,<WikipediaPage 'Francesca Lia Block'>
654,9781101200490,Firebirds Rising,Tanith Lee,Lee,Tanith,<WikipediaPage 'Tanith Lee'>
655,9780061986642,Witch Baby,Francesca Block,Block,Francesca,<WikipediaPage 'Francesca Lia Block'>
656,9780061971792,Weetzie Bat,Francesca Block,Block,Francesca,<WikipediaPage 'Francesca Lia Block'>
657,9780061732553,Beautiful Boys,Francesca Block,Block,Francesca,<WikipediaPage 'Francesca Lia Block'>
658,9780061971792,Weetzie Bat,Francesca Block,Block,Francesca,<WikipediaPage 'Francesca Lia Block'>
659,9780310273080,Velvet Elvis,Rob Bell,Bell,Rob,<WikipediaPage 'Rob Bell'>
660,9781400076260,Man Walks Into a Room,Nicole Krauss,Krauss,Nicole,<WikipediaPage 'Nicole Krauss'>
661,UOM:39015038438712,Testaments Betrayed,Milan Kundera,Kundera,Milan,<WikipediaPage 'Milan Kundera'>
662,9780310694946,Too Busy Not to Pray Study Guide,Bill Hybels,Hybels,Bill,<WikipediaPage 'Bill Hybels'>
663,9780310296003,Becoming a Contagious Christian,Bill Hybels,Hybels,Bill,<WikipediaPage 'Bill Hybels'>
664,OXFORD:555010536,"The Intellectual repository for the New Church. (July/Sept. 1817). [Continued as] The Intellectual repository and New Jerusalem magazine. Enlarged ser., vol.1-28",New confer,confer,New,<WikipediaPage 'CONFER (software)'>
665,9780310858201,The Church on the Other Side,Brian McLaren,McLaren,Brian,<WikipediaPage 'Brian McLaren'>
666,9783730964552,Best Russian Short Stories,Thomas Seltzer,Seltzer,Thomas,NaN
667,0140150749,The Portable Dorothy Parker,Dorothy Parker,Parker,Dorothy,<WikipediaPage 'Dorothy Parker'>
668,0313309434,"American Women Writers, 1900-1945",Laurie Champion,Champion,Laurie,<WikipediaPage 'Ran Laurie'>
669,014118258X,The Collected Dorothy Parker,Dorothy Parker,Parker,Dorothy,<WikipediaPage 'Mrs. Parker and the Vicious Circle'>
670,9780345407276,The Killer Angels,Michael Shaara,Shaara,Michael,<WikipediaPage 'Michael Shaara'>
671,9780345407276,The Killer Angels,Michael Shaara,Shaara,Michael,<WikipediaPage 'Michael Shaara'>
672,9780345407276,The Killer Angels,Michael Shaara,Shaara,Michael,<WikipediaPage 'Michael Shaara'>
673,1584657731,Newlyweds on Tour,Barbara Penner,Penner,Barbara,<WikipediaPage 'Barbara Penner'>
674,0529123452,The Last Eyewitness,Chris Seay,Seay,Chris,<WikipediaPage 'The Matrix (franchise)'>
675,UOM:39015041612683,James Baldwin: Collected Essays (LOA #98),James Baldwin,Baldwin,James,<WikipediaPage 'James Baldwin'>
676,9780061965104,The Giving Tree,Shel Silverstein,Silverstein,Shel,<WikipediaPage 'Shel Silverstein'>
677,9781328497697,The Best American Travel Writing 2018,Cheryl Strayed,Strayed,Cheryl,<WikipediaPage 'Cheryl Strayed'>
678,0843952245,The Funeral of Tanner Moody,John Jakes,Jakes,John,<WikipediaPage 'John Jakes'>
679,9780300133721,How Democratic Is the American Constitution?,Robert Dahl,Dahl,Robert,<WikipediaPage 'Robert Dahl'>
680,9788184750669,THE ROOM ON THE ROOF,Ruskin Bond,Bond,Ruskin,<WikipediaPage 'Ruskin Bond'>
681,0226134261,A Preface to Democratic Theory,Robert Dahl,Dahl,Robert,<WikipediaPage 'Robert Dahl'>
682,9780593203378,Matilda,Roald Dahl,Dahl,Roald,<WikipediaPage 'Roald Dahl'>
683,0714506583,Kiss Kiss Bang Bang,Pauline Kael,Kael,Pauline,<WikipediaPage 'Pauline Kael'>
684,9781101662977,The Witches,Roald Dahl,Dahl,Roald,<WikipediaPage 'Roald Dahl'>
685,9780593203378,Matilda,Roald Dahl,Dahl,Roald,<WikipediaPage 'Roald Dahl'>
686,9781101653678,Charlie and the Chocolate Factory,Roald Dahl,Dahl,Roald,<WikipediaPage 'Roald Dahl'>
687,9780451480019,The Enormous Crocodile,Roald Dahl,Dahl,Roald,<WikipediaPage 'Twenty-Nine Kisses from Roald Dahl'>
688,9781595543295,Hood,Stephen Lawhead,Lawhead,Stephen,<WikipediaPage 'Stephen R. Lawhead'>
689,9780547541259,Landing,Emma Donoghue,Donoghue,Emma,<WikipediaPage 'Emma Donoghue'>
690,9780064407724,Kissing the Witch,Emma Donoghue,Donoghue,Emma,<WikipediaPage 'Emma Donoghue'>
691,9783110723793,The Face Mask In COVID Times,Deborah Lupton,Lupton,Deborah,<WikipediaPage 'Etiquette'>
692,0785324690,365 Favorite Brand Name Stir-fry Recipes & More,Publications Limited,Limited,Publications,<WikipediaPage 'Labour India'>
693,0330512722,Love Poems,Carol Duffy,Duffy,Carol,<WikipediaPage 'Carol Ann Duffy'>
694,9780571297849,Christina Rossetti,Jan Marsh,Marsh,Jan,<WikipediaPage 'Jan Marsh'>
695,0786706279,The Mammoth Book of Lesbian Short Stories,Emma Donoghue,Donoghue,Emma,<WikipediaPage 'Emma Donoghue'>
696,9780547443294,Slammerkin,Emma Donoghue,Donoghue,Emma,<WikipediaPage 'Emma Donoghue'>
697,9781447279570,We are Michael Field,Emma Donoghue,Donoghue,Emma,<WikipediaPage 'Emma Donoghue'>
698,0571149030,Life is Elsewhere,Milan Kundera,Kundera,Milan,<WikipediaPage 'Milan Kundera'>
699,9781429964258,Hart's Hope,Orson Card,Card,Orson,<WikipediaPage 'Orson Scott Card'>
700,0756990378,Wide Sargasso Sea,Jean Rhys,Rhys,Jean,<WikipediaPage 'Jean Rhys'>
701,0756990378,Wide Sargasso Sea,Jean Rhys,Rhys,Jean,<WikipediaPage 'Jean Rhys'>
702,9780307472328,Marcel Proust's Search for Lost Time,Patrick Alexander,Alexander,Patrick,NaN
703,0310330513,The Complete Green Letters,Miles Stanford,Stanford,Miles,NaN
704,9780787976392,Getting Naked,Patrick Lencioni,Lencioni,Patrick,<WikipediaPage 'Patrick Lencioni'>
705,9780547524634,The Last Shot,Darcy Frey,Frey,Darcy,<WikipediaPage 'Darcy Frey'>
706,9781476640860,Karloff and the East,Scott Nollen,Nollen,Scott,<WikipediaPage 'Boris Karloff'>
707,9780786733903,Nirvana,Everett True,True,Everett,<WikipediaPage 'Everett True'>
708,9780795309595,Principle-Centered Leadership,Stephen Covey,Covey,Stephen,<WikipediaPage 'Stephen Covey'>
709,9781416947202,Fablehaven,Brandon Mull,Mull,Brandon,<WikipediaPage 'Brandon Mull'>
710,1648274641,Grimgar of Fantasy and Ash (Light Novel) Vol. 17,Ao Jyumonji,Jyumonji,Ao,<WikipediaPage 'Kadokawa Sneaker Bunko'>
711,9781496734334,A Letter to Three Witches,Elizabeth Bass,Bass,Elizabeth,<WikipediaPage 'Elizabeth Bass'>
712,9780313353017,The New Boardroom Leaders: How Today's Corporate Boards Are Taking Charge,Ralph Ward,Ward,Ralph,<WikipediaPage 'Ralph Ward'>
713,9780316374088,Fullmetal Alchemist,Hiromu Arakawa,Arakawa,Hiromu,<WikipediaPage 'Hiromu Arakawa'>
714,9781491960158,Learning Web Design,Jennifer Robbins,Robbins,Jennifer,<WikipediaPage 'Jennifer Niederst Robbins'>
715,0449204464,The Mask of the Enchantress,Victoria Holt,Holt,Victoria,<WikipediaPage 'Eleanor Alice Burford'>
716,9781338157499,The Secret of Nightingale Wood,Lucy Strange,Strange,Lucy,<WikipediaPage 'The Lucy poems'>
717,0449215482,The Silk Vendetta,Victoria Holt,Holt,Victoria,<WikipediaPage 'Eleanor Alice Burford'>
718,9780007476299,"Curse of Kings (The Trials of Oland Born, Book 1)",Alex Barclay,Barclay,Alex,<WikipediaPage 'Alex Barclay'>
719,9780307807465,Purple Cane Road,James Burke,Burke,James,<WikipediaPage 'James Burke (gangster)'>
720,9781555847159,Parliament of Whores,P. O'Rourke,O'Rourke,P.,<WikipediaPage 'P. J. O'Rourke'>
721,1405933690,Want to Play?,P. Tracy,Tracy,P.,<WikipediaPage 'P. J. Tracy'>
722,9780547347929,Beautiful Boy,David Sheff,Sheff,David,<WikipediaPage 'David Sheff'>
723,PKEY:100A1E2656A7E96A,The Moon and Sixpence,W. Maugham,Maugham,W.,<WikipediaPage 'W. Somerset Maugham'>
724,9798612626633,De Profundis,Oscar Wilde,Wilde,Oscar,<WikipediaPage 'Oscar Wilde bibliography'>
725,0312288026,Serious Girls,Maxine Swann,Swann,Maxine,<WikipediaPage 'Maxine Swann'>
726,9781634500036,"Love, Lucas",Chantele Sedgwick,Sedgwick,Chantele,NaN
727,0520234413,Exiled in Paris,James Campbell,Campbell,James,<WikipediaPage 'James Campbell (author)'>
728,0312306482,The Post-Truth Era,Ralph Keyes,Keyes,Ralph,<WikipediaPage 'Ralph Keyes'>
729,1580012507,International Building Code 2006,International Council,Council,International,NaN
730,9781324000945,Einstein's Monsters: The Life and Times of Black Holes,Chris Impey,Impey,Chris,<WikipediaPage 'Chris Impey'>
731,9781600850127,Code Check Electrical,Redwood Kardon,Kardon,Redwood,<WikipediaPage 'Tizen'>
732,1609837363,"2018 International Residential Code for One and Two-Family Dwellings, Loose-Leaf Version",International Council,Council,International,NaN
733,9789004372849,The Works of John Cotta,Todd Pettigrew,Pettigrew,Todd,<WikipediaPage 'Miss Pettigrew Lives for a Day'>
734,9780357371640,Illustrated Guide to the National Electrical Code,Charles Miller,Miller,Charles,NaN
735,9781423611028,Surfer's Code,Patrick Moser,Moser,Patrick,<WikipediaPage 'Patrick Moser'>
736,9780307976147,Code Orange,Caroline Cooney,Cooney,Caroline,<WikipediaPage 'Caroline B. Cooney'>
737,UOM:39015066443030,United States Code,United States,States,United,<WikipediaPage 'United States'>
738,0974811823,Brando Unzipped,Darwin Porter,Porter,Darwin,<WikipediaPage 'Darwin Porter'>
739,9781597775250,The Kid Stays in the Picture,Robert Evans,Evans,Robert,<WikipediaPage 'Robert Evans'>
740,9780060586881,Measle and the Dragodon,Ian Ogilvy,Ogilvy,Ian,<WikipediaPage 'Ian Ogilvy'>
741,0834821133,Writing Down the Bones,Natalie Goldberg,Goldberg,Natalie,<WikipediaPage 'Natalie Goldberg'>
742,1555846041,Black Hawk Down,Mark Bowden,Bowden,Mark,<WikipediaPage 'Mark Bowden'>
743,9780735617223,Writing Secure Code,Michael Howard,Howard,Michael,<WikipediaPage 'Michael Howard'>
744,9780132931755,Working Effectively with Legacy Code,Michael Feathers,Feathers,Michael,NaN
745,0838878016,Explode the Code 1 Student,2nd Edition,Edition,2nd,<WikipediaPage 'Editions of Dungeons & Dragons'>
746,9780425286142,Down the Long Hills (Louis L'Amour's Lost Treasures),Louis L'Amour,L'Amour,Louis,<WikipediaPage 'Louis L'Amour'>
747,9780307755568,"The Glass Books of the Dream Eaters, Volume Two",Gordon Dahlquist,Dahlquist,Gordon,<WikipediaPage 'Gordon Dahlquist'>
748,0140234810,Breaking the Maya Code,Michael Coe,Coe,Michael,<WikipediaPage 'Michael D. Coe'>
749,9780201485677,Refactoring,Martin Fowler,Fowler,Martin,<WikipediaPage 'Martin Fowler (software engineer)'>
750,9780767999427,The Heart's Code,Paul Pearsall,Pearsall,Paul,<WikipediaPage 'Paul Pearsall'>
751,9781718500365,"Write Great Code, Volume 1, 2nd Edition",Randall Hyde,Hyde,Randall,<WikipediaPage 'Randall Hyde'>
752,9781462900428,Code of the Samurai,Thomas Cleary,Cleary,Thomas,<WikipediaPage 'Hypocrisy'>
753,1537759442,Code,Lawrence Lessig,Lessig,Lawrence,<WikipediaPage 'Lawrence Lessig'>
754,190253851X,Landscape Beyond,David Ward,Ward,David,NaN
755,074751853X,Bob Marley,Adrian Boot,Boot,Adrian,<WikipediaPage 'Booting'>
756,9781984896407,"Good Girl, Bad Blood",Holly Jackson,Jackson,Holly,<WikipediaPage 'Holly Jackson'>
757,9781513272788,Howards End,E.M. Forster,Forster,E.M.,<WikipediaPage 'E. M. Forster'>
758,9781137173867,E.M. Forster: The Novels,Mr Edwards,Edwards,Mr,<WikipediaPage 'Mr. Edwards'>
759,UOM:39015074107643,Current Catalog,National (U.S.),(U.S.),National,<WikipediaPage 'List of national parks of the United States'>
760,UOM:39015074107643,Current Catalog,National (U.S.),(U.S.),National,<WikipediaPage 'List of national parks of the United States'>
761,9781400078677,The Island At The Center Of The World,Russell Shorto,Shorto,Russell,<WikipediaPage 'Russell Shorto'>
762,1911015559,Red Dead Redemption 2,Piggyback Piggyback,Piggyback,Piggyback,NaN
763,9780310751373,The Merlin Spiral Trilogy,Robert Treskillard,Treskillard,Robert,<WikipediaPage 'Morgan le Fay in modern culture'>
764,1574881728,Insurgency & Terrorism,Bard O'Neill,O'Neill,Bard,"<WikipediaPage 'Hugh O'Neill, Earl of Tyrone'>"
765,9781250107275,Shakespeare's Landlord,Charlaine Harris,Harris,Charlaine,<WikipediaPage 'Charlaine Harris'>
766,9781618244918,Bedlam's Edge,Mercedes Lackey,Lackey,Mercedes,<WikipediaPage 'Mercedes Lackey'>
767,0521827655,Mansfield Park,Jane Austen,Austen,Jane,<WikipediaPage 'Jane Austen'>
768,UOM:39015046013960,The Rez Road Follies,Jim Northrup,Northrup,Jim,NaN
769,0521827655,Mansfield Park,Jane Austen,Austen,Jane,<WikipediaPage 'Jane Austen'>
770,0521827655,Mansfield Park,Jane Austen,Austen,Jane,<WikipediaPage 'Jane Austen'>
771,0521827655,Mansfield Park,Jane Austen,Austen,Jane,<WikipediaPage 'Jane Austen'>
772,0762408286,The Mini Zen Gardening Kit,Abd Moore,Moore,Abd,<WikipediaPage 'Saddam Hussein'>
773,1561381489,The Zen Gardening Kit,Perseus Perseus,Perseus,Perseus,<WikipediaPage 'Perseus'>
774,9781403978684,Rudyard Kipling,W. Dillingham,Dillingham,W.,<WikipediaPage 'Allan Pinkerton'>
775,9798730530461,The Mill on the Floss Illustrated,George Eliot,Eliot,George,NaN
776,0804847533,Zen in Your Garden,Jenny Hendy,Hendy,Jenny,<WikipediaPage 'The Measure of a Man (1916 film)'>
777,9788184305951,Agnes Grey,Anne Bronte,Bronte,Anne,<WikipediaPage 'Anne Brontë'>
778,9780553900262,Mad Ship,Robin Hobb,Hobb,Robin,<WikipediaPage 'Robin Hobb bibliography'>
779,9780553900255,Ship of Magic,Robin Hobb,Hobb,Robin,<WikipediaPage 'Robin Hobb bibliography'>
780,9780061797699,Forest Mage,Robin Hobb,Hobb,Robin,<WikipediaPage 'Robin Hobb bibliography'>
781,9780553897470,Assassin's Quest (The Illustrated Edition),Robin Hobb,Hobb,Robin,NaN
782,9780553897487,Assassin's Apprentice (The Illustrated Edition),Robin Hobb,Hobb,Robin,<WikipediaPage 'Robin Hobb bibliography'>
783,9781440678073,Disordered Minds,Minette Walters,Walters,Minette,<WikipediaPage 'Minette Walters'>
784,0312427557,The Scold's Bridle,Minette Walters,Walters,Minette,<WikipediaPage 'Minette Walters'>
785,1741148405,Fox Evil,Minette Walters,Walters,Minette,<WikipediaPage 'Minette Walters'>
786,1974566854,The Devil's Dictionary,Ambrose Bierce,Bierce,Ambrose,<WikipediaPage 'Ambrose Bierce'>
787,9781441231437,The Breaker Anointing,Barbara Yoder,Yoder,Barbara,<WikipediaPage 'Don Yoder'>
788,9780385337939,A Painted House,John Grisham,Grisham,John,<WikipediaPage 'John Grisham'>
789,0241447976,The World of Roald Dahl,Roald Dahl,Dahl,Roald,<WikipediaPage 'Twenty-Nine Kisses from Roald Dahl'>
790,9781101662977,The Witches,Roald Dahl,Dahl,Roald,<WikipediaPage 'Roald Dahl'>
791,9780759518520,Step on a Crack,James Patterson,Patterson,James,<WikipediaPage 'James Patterson'>
792,9798615500831,The Railway Children Illustrated,E Nesbit,Nesbit,E,<WikipediaPage 'E. Nesbit'>
793,PKEY:CD7A12348B95F8BA,Five Children and It,E. Nesbit,Nesbit,E.,<WikipediaPage 'E. Nesbit'>
794,PKEY:CD7A12348B95F8BA,Five Children and It,E. Nesbit,Nesbit,E.,<WikipediaPage 'E. Nesbit'>
795,UCD:31175025917546,The Library of Literary Criticism of English and American Authors,Charles Moulton,Moulton,Charles,NaN
796,HARVARD:32044024185993,Treasure Island,Robert Stevenson,Stevenson,Robert,<WikipediaPage 'Robert Louis Stevenson'>
797,9789390492268,A Passage to India,E.M. Forster,Forster,E.M.,<WikipediaPage 'E. M. Forster'>
798,9789390492268,A Passage to India,E.M. Forster,Forster,E.M.,<WikipediaPage 'E. M. Forster'>
799,9789390492268,A Passage to India,E.M. Forster,Forster,E.M.,<WikipediaPage 'E. M. Forster'>
800,9780671628314,This Book Needs No Title,Raymond Smullyan,Smullyan,Raymond,<WikipediaPage 'Raymond Smullyan'>
801,9780191606229,Wilkie Collins (Authors in Context),Lyn Pykett,Pykett,Lyn,<WikipediaPage 'List of In Our Time programmes'>
802,9781473366862,The Law and the Lady,Wilkie Collins,Collins,Wilkie,<WikipediaPage 'Wilkie Collins'>
803,BSB:BSB10753663,The woman in white,Wilkie Collins,Collins,Wilkie,<WikipediaPage 'Wilkie Collins'>
804,9788027235933,The Complete Short Stories of Wilkie Collins,Wilkie Collins,Collins,Wilkie,<WikipediaPage 'Wilkie Collins'>
805,0330201840,I Never Promised You a Rose Garden,Hannah Green,Green,Hannah,NaN
806,0330201840,I Never Promised You a Rose Garden,Hannah Green,Green,Hannah,NaN
807,9781569478004,The Gun Seller,Hugh Laurie,Laurie,Hugh,<WikipediaPage 'Hugh Laurie'>
808,9780330466950,A Quantum Murder,Peter Hamilton,Hamilton,Peter,<WikipediaPage 'Peter F. Hamilton bibliography'>
809,9780345490711,Judas Unchained,Peter Hamilton,Hamilton,Peter,<WikipediaPage 'Peter F. Hamilton bibliography'>
810,9780345490711,Judas Unchained,Peter Hamilton,Hamilton,Peter,<WikipediaPage 'Peter F. Hamilton bibliography'>
811,9780330467384,Mindstar Rising,Peter Hamilton,Hamilton,Peter,<WikipediaPage 'Peter F. Hamilton bibliography'>
812,0316040401,The Reality Dysfunction,Peter Hamilton,Hamilton,Peter,<WikipediaPage 'Peter F. Hamilton bibliography'>
813,STANFORD:36105029147845,Anthony Thwaite in Conversation with Peter Dale and Ian Hamilton,Anthony Thwaite,Thwaite,Anthony,<WikipediaPage 'Anthony Thwaite'>
814,9782080301178,Robert Doisneau: Paris,Robert Doisneau,Doisneau,Robert,<WikipediaPage 'Robert Doisneau'>
815,9780061792779,Quicksilver,Neal Stephenson,Stephenson,Neal,<WikipediaPage 'Neal Stephenson'>
816,0142437689,The Portable Walt Whitman,Walt Whitman,Whitman,Walt,<WikipediaPage 'Walt Whitman'>
817,9780307761927,Walt Whitman's America,David Reynolds,Reynolds,David,<WikipediaPage 'David S. Reynolds'>
818,9780060535117,Walt Whitman,Justin Kaplan,Kaplan,Justin,<WikipediaPage 'Justin Kaplan'>
819,9781607747314,The Life-Changing Magic of Tidying Up,Marie Kondo,Kondo,Marie,<WikipediaPage 'Marie Kondo'>
820,9780307387622,"Blind Willow, Sleeping Woman",Haruki Murakami,Murakami,Haruki,<WikipediaPage 'Haruki Murakami'>
821,9780099455448,Haruki Murakami and the Music of Words,Jay Rubin,Rubin,Jay,<WikipediaPage 'Rick Rubin'>
822,9780307781093,Hard-Boiled Wonderland and the End of the World,Haruki Murakami,Murakami,Haruki,<WikipediaPage 'Haruki Murakami'>
823,9781441101464,Haruki Murakami's The Wind-up Bird Chronicle,Matthew Strecher,Strecher,Matthew,<WikipediaPage 'Magic realism'>
824,9780307424648,After the Quake,Haruki Murakami,Murakami,Haruki,<WikipediaPage 'Haruki Murakami'>
825,9781400044818,Kafka on the Shore,Haruki Murakami,Murakami,Haruki,<WikipediaPage 'Haruki Murakami'>
826,9780375413469,Sputnik Sweetheart,Haruki Murakami,Murakami,Haruki,<WikipediaPage 'Haruki Murakami'>
827,3791329286,Joseph Cornell,Joseph Cornell,Cornell,Joseph,<WikipediaPage 'Joseph Cornell'>
828,0835607569,Drawing the Light from Within,Judith Cornell,Cornell,Judith,<WikipediaPage 'Judith Anderson'>
829,9781590174869,Dime-Store Alchemy,Charles Simic,Simic,Charles,<WikipediaPage 'Charles Simic'>
830,9781639360543,Night Has a Thousand Eyes,Cornell Woolrich,Woolrich,Cornell,<WikipediaPage 'Cornell Woolrich'>
831,9780812971453,Rendezvous in Black,Cornell Woolrich,Woolrich,Cornell,<WikipediaPage 'Cornell Woolrich'>
832,9781442403574,The Nixie's Song,Holly Black,Black,Holly,<WikipediaPage 'Holly Black'>
833,9781433568374,Providence,John Piper,Piper,John,<WikipediaPage 'John Piper (theologian)'>
834,9781433519024,Suffering and the Sovereignty of God,John Piper,Piper,John,<WikipediaPage 'John Piper (theologian)'>
835,9781387151745,The Title of Extraordinary Length - A Parody,Doug Fowler,Fowler,Doug,<WikipediaPage 'Harry Fowler'>
836,9781789740592,The Legacy of sovereign joy,JOHN PIPER,PIPER,JOHN,<WikipediaPage 'John Piper (theologian)'>
837,1433501899,The Hidden Smile of God,John Piper,Piper,John,<WikipediaPage 'John Piper (theologian)'>
838,9789388760744,The Dolorous Passion of Our Lord Jesus Christ,Anne Emmerich,Emmerich,Anne,<WikipediaPage 'Anne Catherine Emmerich'>
839,0786402660,The Historic King Arthur,Frank Reno,Reno,Frank,<WikipediaPage 'Reno Gang'>
840,9780307761934,Wartime Lies,Louis Begley,Begley,Louis,<WikipediaPage 'Louis Begley'>
841,0761327053,The Brave Women of the Gulf Wars,Karen Zeinert,Zeinert,Karen,<WikipediaPage 'National Doughnut Day'>
842,9781101098783,The Classic Ten,Nancy Smith,Smith,Nancy,NaN
843,9780571246120,The New York Trilogy,Paul Auster,Auster,Paul,<WikipediaPage 'Paul Auster'>
844,9780593158807,The Kitchen Front,Jennifer Ryan,Ryan,Jennifer,NaN
845,9781423132400,Half Moon Investigations,Eoin Colfer,Colfer,Eoin,<WikipediaPage 'Eoin Colfer'>
846,9781423132431,The Supernaturalist,Eoin Colfer,Colfer,Eoin,<WikipediaPage 'Eoin Colfer'>
847,9781847175557,The Wish List,Eoin Colfer,Colfer,Eoin,<WikipediaPage 'Eoin Colfer'>
848,0786855061,Eoin Colfer's Legend of the Worst Boy in the World,Eoin Colfer,Colfer,Eoin,<WikipediaPage 'Eoin Colfer'>
849,9780141317083,The Legend of Spud Murphy,Eoin Colfer,Colfer,Eoin,<WikipediaPage 'Eoin Colfer'>
850,0307344673,Artemis Fowl,Eoin Colfer,Colfer,Eoin,<WikipediaPage 'Eoin Colfer'>
851,9780763660260,Potty,Leslie Patricelli,Patricelli,Leslie,<WikipediaPage 'Leslie Patricelli'>
852,9781423132172,Artemis Fowl,Eoin Colfer,Colfer,Eoin,<WikipediaPage 'Eoin Colfer'>
853,9781423132172,Artemis Fowl,Eoin Colfer,Colfer,Eoin,<WikipediaPage 'Eoin Colfer'>
854,0307344673,Artemis Fowl,Eoin Colfer,Colfer,Eoin,<WikipediaPage 'Eoin Colfer'>
855,9781423132172,Artemis Fowl,Eoin Colfer,Colfer,Eoin,<WikipediaPage 'Eoin Colfer'>
856,9783111402772,Type and Motif-Index of the Folktales of England and North America,Ernest Baughman,Baughman,Ernest,<WikipediaPage 'Poison dress'>
857,9780307808202,His Dark Materials Omnibus,Philip Pullman,Pullman,Philip,<WikipediaPage 'Philip Pullman'>
858,9780307808202,His Dark Materials Omnibus,Philip Pullman,Pullman,Philip,<WikipediaPage 'Philip Pullman'>
859,9780307808202,His Dark Materials Omnibus,Philip Pullman,Pullman,Philip,<WikipediaPage 'Philip Pullman'>
860,9780307808202,His Dark Materials Omnibus,Philip Pullman,Pullman,Philip,<WikipediaPage 'Philip Pullman'>
861,0785950109,Cien Años de Soledad,Gabriel Márquez,Márquez,Gabriel,<WikipediaPage 'Gabriel García Márquez'>
862,9780470144350,"Suzy Gershman's Born to Shop Hong Kong, Shanghai & Beijing",Suzy Gershman,Gershman,Suzy,<WikipediaPage 'Suzy Gershman'>
863,9780061846977,Die Broke,Stephen Pollan,Pollan,Stephen,NaN
864,1594860165,"Live Rich, Die Broke",Stephen Pollan,Pollan,Stephen,NaN
865,9780062048158,The Die Broke Financial Problem Solver,Stephen Pollan,Pollan,Stephen,NaN
866,9789004475793,A Negotiated Settlement,Joseph Patrouch,Patrouch,Joseph,<WikipediaPage 'Isaac Asimov'>
867,STANFORD:36105110104838,"To Authorize Federal Works Administrator to Acquire Title, on Behalf of the United States, to Land",United Grounds,Grounds,United,<WikipediaPage 'Grounds for divorce (United States)'>
868,9780313382222,American Indian History Day by Day,Roger Carpenter,Carpenter,Roger,<WikipediaPage 'Roger Carpenter'>
869,9781439126172,Undaunted Courage,Stephen Ambrose,Ambrose,Stephen,<WikipediaPage 'Stephen E. Ambrose'>
870,9781439104880,Co. Aytch,Sam Watkins,Watkins,Sam,<WikipediaPage 'Sam Sykes'>
871,UVA:X001639947,Johnny Reb and Billy Yank,Alexander Hunter,Hunter,Alexander,<WikipediaPage 'Alexander Hunter'>
872,0141348828,Fantastic Mr. Fox,Roald Dahl,Dahl,Roald,<WikipediaPage 'Twenty-Nine Kisses from Roald Dahl'>
873,0142423432,Fantastic Mr. Fox,Roald Dahl,Dahl,Roald,<WikipediaPage 'Twenty-Nine Kisses from Roald Dahl'>
874,0142423432,Fantastic Mr. Fox,Roald Dahl,Dahl,Roald,<WikipediaPage 'Twenty-Nine Kisses from Roald Dahl'>
875,9781783162437,The Arthur of the Iberians,David Hook,Hook,David,<WikipediaPage 'David Hookes'>
876,0252028317,Contemporary Spanish Women's Narrative and the Publishing Industry,Christine Henseler,Henseler,Christine,NaN
877,9781611461725,Translated Poe,Emron Esplin,Esplin,Emron,<WikipediaPage 'Bonifaciu Florescu'>
878,9780307827722,WHORES FOR GLORIA,William Vollmann,Vollmann,William,<WikipediaPage 'William T. Vollmann'>
879,1560254416,Expelled from Eden,Perseus Perseus,Perseus,Perseus,<WikipediaPage 'Perseus'>
880,UOM:39015015233664,You Bright and Risen Angels,William Vollmann,Vollmann,William,<WikipediaPage 'William T. Vollmann'>
881,9780307433848,The Book Thief,Markus Zusak,Zusak,Markus,<WikipediaPage 'Markus Zusak'>
882,1856499596,In the Name of the Poor,Neil Webster,Webster,Neil,"<WikipediaPage 'Andy Webster (footballer, born 1982)'>"
883,UCSD:31822006040919,The Adventures of Tom Sawyer and the Adventures of Huckleberry Finn,Mark Twain,Twain,Mark,<WikipediaPage 'Mark Twain'>
